customer_id,first_name,last_name,email,city,last_purchase_date,recency_days,frequency,monetary_value,R_score,F_score,M_score,RFM_Score,Segment
2001.0,Eha,Aas,eha.aas@telia.ee,Tallinn,2024-11-29,91,2,203.92000000000002,4,1,1,6,At Risk
2004.0,Jaak,Talvik,jaak.talvik@mail.ee,Tallinn,2024-12-19,71,2,1198.56,4,1,4,9,Potential
2005.0,Raivo,Koppel,raivo.koppel@yahoo.com,Tallinn,2024-10-03,148,4,959.5999999999999,3,4,3,10,Loyal
2006.0,Aili,Must,,Pärnu,2023-11-09,477,1,327.06,1,1,1,3,Lost
2007.0,Ragnar,Männik,ragnar.mannik@gmail.com,Pärnu,2025-01-30,29,1,318.63,5,1,1,7,Potential
2008.0,Külli,Paas,kulli.paas@mail.ee,Tartu,2024-12-14,76,5,1294.32,4,4,4,12,Loyal
2009.0,Madis,Mitt,madis.mitt@yahoo.com,Narva,2024-07-19,224,3,2255.21,2,3,5,10,Loyal
2012.0,Merle,Kukk,merle.kukk@outlook.com,Võru,2024-04-30,304,3,841.5,2,3,3,8,Potential
2013.0,Elis,Oja,,Pärnu,2024-10-06,145,2,364.20000000000005,3,1,2,6,At Risk
2014.0,Rain,Kivi,,Pärnu,2023-12-26,430,5,1066.15,1,4,4,9,Potential
2015.0,Grete,Rosin,grete.rosin@telia.ee,Tartu,2025-02-15,13,2,345.24,5,1,1,7,Potential
2016.0,Marika,Lill,,Tartu,2023-07-21,588,1,664.26,1,1,3,5,At Risk
2017.0,Kadri,Vaher,kadri.vaher@telia.ee,Viljandi,2024-02-08,386,4,904.65,1,4,3,8,Potential
2018.0,Marika,Nurk,marika.nurk@gmail.com,Paide,2024-07-21,222,3,1281.17,2,3,4,9,Potential
2019.0,Heino,Tammik,heino.tammik@mail.ee,Tallinn,2024-06-26,247,5,1653.15,2,4,5,11,Loyal
2020.0,Heli,Pärn,heli.parn@telia.ee,Paide,2024-11-23,97,3,923.9,4,3,3,10,Loyal
2022.0,Liina,Mägi,liina.magi@yahoo.com,Rakvere,2024-08-18,194,5,814.1700000000001,3,4,3,10,Loyal
2023.0,Reet,Kivi,reet.kivi@hot.ee,Tallinn,2024-01-27,398,1,583.71,1,1,2,4,At Risk
2024.0,Rain,Lõhmus,rain.lohmus@outlook.com,Valga,2025-01-27,32,2,345.93,5,1,1,7,Potential
2025.0,Väino,Lepik,vaino.lepik@gmail.com,Tallinn,2024-12-20,70,6,1804.79,4,5,5,14,VIP Champions
2026.0,Kati,Mitt,kati.mitt@gmail.com,Tallinn,2024-12-07,83,7,1933.66,4,5,5,14,VIP Champions
2027.0,Heli,Laas,heli.laas@mail.ee,Tallinn,2024-12-25,65,4,1357.05,4,4,4,12,Loyal
2028.0,Tiina,Saar,tiina.saar@telia.ee,Tallinn,2024-11-13,107,3,496.83000000000004,4,3,2,9,Potential
2029.0,Meelis,Lill,meelis.lill@gmail.com,Kuressaare,2024-05-26,278,3,1888.0600000000002,2,3,5,10,Loyal
2030.0,Rein,Lill,rein.lill@hot.ee,Tartu,2024-09-21,160,2,2391.13,3,1,5,9,Potential
2031.0,Ants,Kangur,ants.kangur@mail.ee,Narva,2024-11-05,115,6,2052.0499999999997,4,5,5,14,VIP Champions
2032.0,Tiit,Toom,tiit.toom@gmail.com,Tallinn,2024-11-03,117,1,215.58,4,1,1,6,At Risk
2033.0,Rein,Teder,rein.teder@hot.ee,Tallinn,2024-10-11,140,3,950.18,3,3,3,9,Potential
2034.0,Pille,Lepik,pille.lepik@hot.ee,Tallinn,2024-11-16,104,5,1431.18,4,4,5,13,VIP Champions
2035.0,Mihkel,Pärn,mihkel.parn@gmail.com,Viljandi,2024-07-02,241,3,1481.19,2,3,5,10,Loyal
2036.0,Sigrid,Põld,sigrid.pold@gmail.com,Tartu,2024-11-10,110,2,571.48,4,1,2,7,Potential
2037.0,Lea,Veski,lea.veski@telia.ee,Tartu,2024-12-30,60,3,893.3000000000001,4,3,3,10,Loyal
2038.0,Jüri,Kask,juri.kask@telia.ee,Narva,2024-05-11,293,1,1484.2,2,1,5,8,Potential
2040.0,Liina,Lepp,liina.lepp@outlook.com,Pärnu,2024-10-17,134,3,453.53999999999996,3,3,2,8,Potential
2041.0,Riina,Roots,riina.roots@yahoo.com,Tallinn,2023-03-06,725,2,1275.25,1,1,4,6,At Risk
2042.0,Merike,Laas,merike.laas@hot.ee,Tartu,2024-09-29,152,2,147.0,3,1,1,5,At Risk
2044.0,Lauri,Aas,lauri.aas@outlook.com,Tallinn,2024-11-13,107,3,419.37,4,3,2,9,Potential
2046.0,Henri,Lepik,henri.lepik@telia.ee,Tartu,2024-11-22,98,7,1422.57,4,5,4,13,VIP Champions
2047.0,Ants,Lepp,ants.lepp@yahoo.com,Tallinn,2024-04-22,312,1,196.91,2,1,1,4,At Risk
2048.0,Mart,Mets,mart.mets@outlook.com,Tartu,2024-11-06,114,2,264.74,4,1,1,6,At Risk
2049.0,Raivo,Salu,raivo.salu@yahoo.com,Haapsalu,2024-11-03,117,4,1364.73,4,4,4,12,Loyal
2050.0,Tiina,Toom,,Paide,2024-11-03,117,3,591.24,4,3,2,9,Potential
2051.0,Ene,Arro,,Tallinn,2025-01-12,47,3,956.89,5,3,3,11,Loyal
2052.0,Annika,Järv,annika.jarv@hot.ee,Tartu,2024-10-08,143,3,1073.25,3,3,4,10,Loyal
2053.0,Sigrid,Vaher,sigrid.vaher@yahoo.com,Tallinn,2024-04-15,319,4,1198.6200000000001,2,4,4,10,Loyal
2054.0,Aili,Veski,aili.veski@mail.ee,Pärnu,2024-05-27,277,4,913.91,2,4,3,9,Potential
2055.0,Rain,Salu,rain.salu@gmail.com,Jõhvi,2024-11-28,92,2,494.63,4,1,2,7,Potential
2056.0,Hille,Kull,hille.kull@yahoo.com,Narva,2025-01-30,29,3,226.03,5,3,1,9,Potential
2058.0,Laura,Vaher,laura.vaher@telia.ee,Tartu,2025-02-17,11,1,312.26,5,1,1,7,Potential
2059.0,Tiina,Järv,tiina.jarv@telia.ee,Tallinn,2024-12-09,81,4,1044.97,4,4,4,12,Loyal
2061.0,Toomas,Rosin,toomas.rosin@gmail.com,Paide,2023-04-19,681,1,57.08,1,1,1,3,Lost
2062.0,Triin,Lill,triin.lill@mail.ee,Viljandi,2024-12-19,71,2,387.70000000000005,4,1,2,7,Potential
2063.0,Jüri,Roots,juri.roots@gmail.com,Tallinn,2024-04-02,332,1,81.48,1,1,1,3,Lost
2064.0,Väino,Kuusik,vaino.kuusik@hot.ee,Tartu,2024-08-20,192,4,900.95,3,4,3,10,Loyal
2065.0,Priit,Tammik,priit.tammik@telia.ee,Tallinn,2024-07-23,220,1,45.21,2,1,1,4,At Risk
2066.0,Lauri,Paju,lauri.paju@telia.ee,Valga,2024-07-02,241,2,351.95000000000005,2,1,2,5,At Risk
2067.0,Marko,Pärn,marko.parn@hot.ee,Rakvere,2024-11-05,115,3,709.47,4,3,3,10,Loyal
2068.0,Ülle,Valk,ulle.valk@outlook.com,Pärnu,2024-12-10,80,4,783.78,4,4,3,11,Loyal
2069.0,Erkki,Luik,erkki.luik@yahoo.com,Paide,2025-02-05,23,4,1310.02,5,4,4,13,VIP Champions
2070.0,Pille,Rebane,pille.rebane@gmail.com,Haapsalu,2025-02-01,27,5,1741.54,5,4,5,14,VIP Champions
2071.0,Tarmo,Põld,tarmo.pold@outlook.com,Tartu,2024-05-15,289,5,493.20000000000005,2,4,2,8,Potential
2072.0,Heino,Tammik,,Tallinn,2025-02-11,17,2,541.34,5,1,2,8,Potential
2073.0,Madis,Roots,madis.roots@mail.ee,Valga,2024-01-24,401,2,2233.7000000000003,1,1,5,7,Potential
2074.0,Kalev,Raud,kalev.raud@hot.ee,Tartu,2023-09-21,526,3,1231.97,1,3,4,8,Potential
2075.0,Piret,Lõoke,piret.looke@outlook.com,Kuressaare,2024-12-21,69,3,581.54,4,3,2,9,Potential
2076.0,Terje,Nurk,terje.nurk@hot.ee,Kuressaare,2024-01-24,401,1,351.62,1,1,2,4,At Risk
2077.0,Siim,Must,siim.must@outlook.com,Tallinn,2024-12-31,59,4,1632.05,5,4,5,14,VIP Champions
2078.0,Aili,Paas,aili.paas@yahoo.com,Tallinn,2023-09-08,539,3,659.35,1,3,3,7,Potential
2079.0,Tiit,Talvik,tiit.talvik@gmail.com,Tartu,2024-09-21,160,2,187.20999999999998,3,1,1,5,At Risk
2080.0,Tiina,Kangur,tiina.kangur@gmail.com,Tartu,2024-08-14,198,3,1063.2,3,3,4,10,Loyal
2081.0,Kaido,Lass,kaido.lass@telia.ee,Tartu,2024-03-31,334,3,792.99,1,3,3,7,Potential
2082.0,Kristi,Rebane,kristi.rebane@hot.ee,Võru,2024-09-30,151,2,520.61,3,1,2,6,At Risk
2083.0,Heino,Kuusk,heino.kuusk@mail.ee,Valga,2025-02-27,1,2,605.69,5,1,2,8,Potential
2084.0,Grete,Must,grete.must@yahoo.com,Tallinn,2024-09-12,169,2,527.21,3,1,2,6,At Risk
2085.0,Henri,Lill,henri.lill@gmail.com,Tartu,2024-12-25,65,4,606.26,4,4,2,10,Loyal
2087.0,Taavi,Sepp,taavi.sepp@telia.ee,Tallinn,2024-08-04,208,3,936.1800000000001,2,3,3,8,Potential
2088.0,Pille,Paas,,Tartu,2024-09-10,171,1,439.66,3,1,2,6,At Risk
2090.0,Taavi,Koppel,taavi.koppel@yahoo.com,Tartu,2024-08-23,189,3,935.06,3,3,3,9,Potential
2091.0,Rasmus,Mägi,rasmus.magi@mail.ee,Pärnu,2024-08-06,206,2,1216.95,2,1,4,7,Potential
2092.0,Ene,Pihl,ene.pihl@telia.ee,Tartu,2024-04-19,315,1,405.04,2,1,2,5,At Risk
2093.0,Merike,Luik,merike.luik@gmail.com,Tartu,2023-12-24,432,4,1511.21,1,4,5,10,Loyal
2095.0,Madis,Lill,madis.lill@telia.ee,Kuressaare,2024-02-05,389,5,1055.76,1,4,4,9,Potential
2096.0,Reet,Laas,reet.laas@gmail.com,Viljandi,2024-05-18,286,4,1000.87,2,4,4,10,Loyal
2097.0,Kati,Aas,kati.aas@telia.ee,Valga,2024-10-28,123,5,715.54,3,4,3,10,Loyal
2098.0,Karin,Rebane,karin.rebane@hot.ee,Tallinn,2024-08-21,191,1,225.36,3,1,1,5,At Risk
2099.0,Madis,Toom,madis.toom@gmail.com,Kuressaare,2024-11-14,106,5,1199.12,4,4,4,12,Loyal
2100.0,Rein,Arro,rein.arro@hot.ee,Tartu,2024-04-12,322,1,80.39,2,1,1,4,At Risk
2103.0,Kadri,Kivi,kadri.kivi@gmail.com,Tallinn,2024-08-26,186,2,312.33000000000004,3,1,1,5,At Risk
2104.0,Sandra,Lass,sandra.lass@mail.ee,Tallinn,2024-08-30,182,4,1285.72,3,4,4,11,Loyal
2106.0,Arvo,Kull,arvo.kull@hot.ee,Jõhvi,2025-02-02,26,3,692.29,5,3,3,11,Loyal
2107.0,Heino,Rosin,,Tallinn,2024-08-24,188,3,997.6400000000001,3,3,4,10,Loyal
2108.0,Väino,Nurk,vaino.nurk@mail.ee,Tartu,2024-11-08,112,6,2169.41,4,5,5,14,VIP Champions
2109.0,Toomas,Männik,toomas.mannik@telia.ee,Tallinn,2024-07-03,240,1,121.51,2,1,1,4,At Risk
2110.0,Kristi,Talvik,kristi.talvik@outlook.com,Tartu,2024-01-12,413,4,405.04,1,4,2,7,Potential
2111.0,Urmas,Rand,,Kuressaare,2024-10-26,125,3,1918.08,3,3,5,11,Loyal
2112.0,Madis,Salu,,Haapsalu,2024-10-15,136,3,820.4200000000001,3,3,3,9,Potential
2113.0,Lea,Kangur,lea.kangur@yahoo.com,Tallinn,2024-05-19,285,2,189.08,2,1,1,4,At Risk
2114.0,Kristi,Lill,kristi.lill@yahoo.com,Narva,2024-04-03,331,3,1037.37,1,3,4,8,Potential
2115.0,Anu,Sild,anu.sild@yahoo.com,Haapsalu,2025-02-15,13,6,1635.44,5,5,5,15,VIP Champions
2117.0,Merike,Koppel,merike.koppel@outlook.com,Tallinn,2024-09-21,160,4,2215.73,3,4,5,12,Loyal
2118.0,Rasmus,Sepp,rasmus.sepp@gmail.com,Tallinn,2024-11-18,102,3,611.11,4,3,2,9,Potential
2119.0,Meelis,Ilves,meelis.ilves@gmail.com,Tallinn,2025-01-08,51,6,1243.09,5,5,4,14,VIP Champions
2120.0,Grete,Kukk,grete.kukk@hot.ee,Valga,2024-06-05,268,3,805.1300000000001,2,3,3,8,Potential
2121.0,Katrin,Roots,katrin.roots@gmail.com,Tallinn,2024-07-06,237,2,302.84000000000003,2,1,1,4,At Risk
2122.0,Sander,Nõmm,sander.nomm@mail.ee,Tartu,2023-02-07,752,1,16.62,1,1,1,3,Lost
2123.0,Peeter,Veski,peeter.veski@outlook.com,Tallinn,2025-02-25,3,3,983.6700000000001,5,3,4,12,Loyal
2124.0,Mart,Rebane,mart.rebane@telia.ee,Tallinn,2024-07-09,234,2,363.28000000000003,2,1,2,5,At Risk
2126.0,Terje,Kangur,terje.kangur@yahoo.com,Pärnu,2024-12-30,60,2,263.86,4,1,1,6,At Risk
2127.0,Karin,Männik,karin.mannik@gmail.com,Tallinn,2024-02-13,381,1,334.46,1,1,1,3,Lost
2128.0,Kristi,Kuusk,kristi.kuusk@gmail.com,Tartu,2023-11-11,475,3,800.3199999999999,1,3,3,7,Potential
2129.0,Anu,Oja,anu.oja@mail.ee,Tallinn,2023-12-12,444,2,197.7,1,1,1,3,Lost
2130.0,Marko,Kaalep,marko.kaalep@mail.ee,Tallinn,2024-07-27,216,3,941.0699999999999,2,3,3,8,Potential
2132.0,Sigrid,Paas,sigrid.paas@gmail.com,Paide,2024-09-04,177,6,1806.17,3,5,5,13,VIP Champions
2133.0,Margus,Roots,margus.roots@mail.ee,Tallinn,2025-02-18,10,2,350.75,5,1,2,8,Potential
2136.0,Hille,Nõmm,hille.nomm@mail.ee,Tallinn,2023-09-25,522,2,1102.95,1,1,4,6,At Risk
2137.0,Margus,Kallas,margus.kallas@telia.ee,Tartu,2024-07-11,232,3,674.3,2,3,3,8,Potential
2139.0,Grete,Luik,grete.luik@mail.ee,Rakvere,2024-05-07,297,2,284.13,2,1,1,4,At Risk
2140.0,Henri,Salu,henri.salu@mail.ee,Tartu,2024-11-14,106,1,451.62,4,1,2,7,Potential
2141.0,Aivar,Lepik,aivar.lepik@mail.ee,Kuressaare,2024-09-14,167,3,678.09,3,3,3,9,Potential
2142.0,Henri,Mitt,henri.mitt@telia.ee,Tartu,2024-10-26,125,4,572.59,3,4,2,9,Potential
2143.0,Piret,Nõmm,piret.nomm@hot.ee,Narva,2024-07-23,220,7,1863.9699999999998,2,5,5,12,Loyal
2144.0,Priit,Orav,priit.orav@telia.ee,Narva,2024-12-18,72,1,210.76,4,1,1,6,At Risk
2147.0,Anna,Sepp,anna.sepp@outlook.com,Tallinn,2024-12-15,75,1,558.86,4,1,2,7,Potential
2148.0,Madis,Lass,madis.lass@telia.ee,Rakvere,2024-11-13,107,1,411.78,4,1,2,7,Potential
2149.0,Ago,Rand,ago.rand@yahoo.com,Pärnu,2024-06-28,245,2,543.76,2,1,2,5,At Risk
2150.0,Külli,Talvik,kulli.talvik@telia.ee,Paide,2025-02-17,11,1,229.55,5,1,1,7,Potential
2151.0,Tõnu,Valk,,Pärnu,2025-01-01,58,1,446.95,5,1,2,8,Potential
2153.0,Maie,Roots,maie.roots@hot.ee,Pärnu,2024-05-05,299,2,397.71,2,2,2,6,At Risk
2154.0,Annika,Saar,annika.saar@telia.ee,Viljandi,2025-02-18,10,66,20726.79,5,5,5,15,VIP Champions
2156.0,Rasmus,Rosin,rasmus.rosin@hot.ee,Tallinn,2024-12-15,75,5,1149.93,4,4,4,12,Loyal
2157.0,Raivo,Salu,raivo.salu2@yahoo.com,Tartu,2025-02-05,23,2,1131.46,5,2,4,11,Loyal
2158.0,Rein,Kull,rein.kull@telia.ee,Haapsalu,2024-10-06,145,2,1207.22,3,2,4,9,Potential
2159.0,Rein,Luik,,Kuressaare,2024-02-18,376,2,1070.58,1,2,4,7,Potential
2160.0,Rein,Sild,rein.sild@hot.ee,Haapsalu,2024-02-02,392,2,598.4300000000001,1,2,2,5,At Risk
2162.0,Ants,Kangur,ants.kangur@telia.ee,Tallinn,2024-09-16,165,2,451.82,3,2,2,7,Potential
2163.0,Kadri,Kull,kadri.kull@hot.ee,Viljandi,2025-02-20,8,5,2542.08,5,4,5,14,VIP Champions
2164.0,Kadri,Saar,kadri.saar@hot.ee,Narva,2024-02-08,386,1,205.0,1,1,1,3,Lost
2165.0,Rain,Luik,rain.luik@telia.ee,Tartu,2024-10-22,129,3,902.9,3,3,3,9,Potential
2166.0,Indrek,Järv,indrek.jarv@telia.ee,Tartu,2024-11-22,98,1,232.61,4,1,1,6,At Risk
2167.0,Ants,Kaalep,,Tallinn,2024-10-10,141,5,2032.9099999999999,3,4,5,12,Loyal
2168.0,Priit,Luik,priit.luik@outlook.com,Tallinn,2023-05-01,669,3,881.22,1,3,3,7,Potential
2169.0,Henri,Kangur,henri.kangur@mail.ee,Tallinn,2024-08-12,200,1,53.01,3,1,1,5,At Risk
2170.0,Lea,Aas,lea.aas@hot.ee,Pärnu,2025-02-05,23,1,327.28,5,1,1,7,Potential
2172.0,Eha,Kivi,eha.kivi@hot.ee,Tallinn,2024-01-24,401,2,746.53,1,2,3,6,At Risk
2174.0,Piret,Kask,piret.kask@telia.ee,Jõhvi,2024-07-28,215,3,2285.2200000000003,2,3,5,10,Loyal
2175.0,Olev,Kull,olev.kull@hot.ee,Valga,2024-10-28,123,6,1342.4,3,5,4,12,Loyal
2176.0,Sandra,Pihl,sandra.pihl@mail.ee,Haapsalu,2024-09-16,165,3,777.0,3,3,3,9,Potential
2177.0,Reet,Liiv,reet.liiv@telia.ee,Pärnu,2023-11-26,460,1,141.05,1,1,1,3,Lost
2178.0,Karin,Oja,karin.oja@mail.ee,Tallinn,2026-03-11,-376,5,1878.1399999999999,5,4,5,14,VIP Champions
2179.0,Piret,Must,piret.must@yahoo.com,Tartu,2024-10-09,142,4,1374.26,3,4,4,11,Loyal
2180.0,Sirje,Kangur,sirje.kangur@outlook.com,Rakvere,2023-04-12,688,2,1451.98,1,2,5,8,Potential
2182.0,Jaak,Kallas,jaak.kallas@hot.ee,Tallinn,2024-12-22,68,1,26.79,4,1,1,6,At Risk
2183.0,Kevin,Puusepp,kevin.puusepp@yahoo.com,Tallinn,2024-06-13,260,7,2139.4700000000003,2,5,5,12,Loyal
2184.0,Ragnar,Kõiv,ragnar.koiv@yahoo.com,Valga,2023-11-22,464,2,553.85,1,2,2,5,At Risk
2186.0,Triin,Tamm,triin.tamm@mail.ee,Tallinn,2024-03-24,341,2,240.06,1,2,1,4,At Risk
2187.0,Aili,Paas,aili.paas@outlook.com,Narva,2024-12-09,81,5,1175.46,4,5,4,13,VIP Champions
2189.0,Toomas,Koppel,toomas.koppel@outlook.com,Jõhvi,2023-08-06,572,1,110.7,1,1,1,3,Lost
2190.0,Väino,Mitt,vaino.mitt@yahoo.com,Tartu,2025-01-21,38,2,942.11,5,2,3,10,Loyal
2191.0,Mihkel,Pihl,mihkel.pihl@hot.ee,Tallinn,2024-08-15,197,4,924.33,3,4,3,10,Loyal
2192.0,Marit,Talvik,marit.talvik@mail.ee,Kuressaare,2024-12-23,67,8,2695.53,4,5,5,14,VIP Champions
2193.0,Urmas,Toom,urmas.toom@yahoo.com,Tallinn,2024-12-05,85,3,1066.29,4,3,4,11,Loyal
2195.0,Kersti,Mets,kersti.mets@gmail.com,Tallinn,2025-02-15,13,3,523.79,5,3,2,10,Loyal
2196.0,Marika,Must,marika.must@outlook.com,Pärnu,2026-04-14,-410,11,4480.32,5,5,5,15,VIP Champions
2197.0,Sandra,Nõmm,sandra.nomm@yahoo.com,Valga,2024-12-14,76,4,2231.4,4,4,5,13,VIP Champions
2198.0,Ülle,Põld,ulle.pold@mail.ee,Tallinn,2025-01-22,37,1,458.02,5,1,2,8,Potential
2199.0,Riina,Luik,riina.luik@mail.ee,Pärnu,2024-11-26,94,1,347.16,4,1,1,6,At Risk
2200.0,Urmas,Laas,urmas.laas@outlook.com,Tartu,2024-07-21,222,5,1998.45,2,5,5,12,Loyal
2201.0,Kevin,Pihl,kevin.pihl@gmail.com,Tartu,2024-06-16,257,2,172.52,2,2,1,5,At Risk
2202.0,Indrek,Org,indrek.org@yahoo.com,Tallinn,2024-07-06,237,3,1708.3400000000001,2,3,5,10,Loyal
2203.0,Ago,Kukk,,Pärnu,2024-09-24,157,3,925.97,3,3,3,9,Potential
2204.0,Ene,Org,ene.org@outlook.com,Tartu,2025-02-24,4,1,166.27,5,1,1,7,Potential
2205.0,Liina,Kivi,,Tallinn,2024-03-29,336,3,1127.92,1,3,4,8,Potential
2206.0,Ago,Lõoke,,Viljandi,2024-08-11,201,5,628.34,3,5,2,10,Loyal
2207.0,Kalev,Mägi,kalev.magi@yahoo.com,Viljandi,2025-01-14,45,3,939.4599999999999,5,3,3,11,Loyal
2208.0,Rasmus,Rand,rasmus.rand@mail.ee,Tallinn,2024-11-13,107,6,2265.19,4,5,5,14,VIP Champions
2209.0,Kersti,Ilves,kersti.ilves@telia.ee,Tallinn,2024-08-11,201,3,995.6400000000001,3,3,4,10,Loyal
2210.0,Ülle,Kaalep,ulle.kaalep@mail.ee,Valga,2024-11-28,92,2,723.3299999999999,4,2,3,9,Potential
2211.0,Kevin,Pihl,kevin.pihl2@gmail.com,Tallinn,2024-05-12,292,3,760.31,2,3,3,8,Potential
2212.0,Henri,Roots,,Pärnu,2023-08-08,570,3,918.91,1,3,3,7,Potential
2213.0,Pille,Veski,,Rakvere,2024-09-17,164,3,1046.18,3,3,4,10,Loyal
2214.0,Maris,Lepp,maris.lepp@telia.ee,Võru,2023-03-26,705,1,574.44,1,1,2,4,At Risk
2215.0,Karin,Kaalep,karin.kaalep@gmail.com,Tallinn,2025-01-27,32,6,1537.23,5,5,5,15,VIP Champions
2216.0,Mihkel,Org,mihkel.org@telia.ee,Pärnu,2024-03-16,349,2,341.6,1,2,1,4,At Risk
2217.0,Aivar,Paas,aivar.paas@telia.ee,Tallinn,2024-08-07,205,5,1171.04,2,5,4,11,Loyal
2218.0,Riina,Lepp,riina.lepp@outlook.com,Paide,2024-12-22,68,4,1374.1,4,4,4,12,Loyal
2219.0,Arvo,Tammik,arvo.tammik@outlook.com,Narva,2024-10-08,143,1,181.11,3,1,1,5,At Risk
2220.0,Reet,Lepp,reet.lepp@outlook.com,Rakvere,2024-11-29,91,3,722.73,4,3,3,10,Loyal
2221.0,Riina,Lill,riina.lill@mail.ee,Pärnu,2025-12-14,-289,65,21610.39,5,5,5,15,VIP Champions
2222.0,Marko,Nõmm,marko.nomm@telia.ee,Tallinn,2024-12-12,78,6,1309.96,4,5,4,13,VIP Champions
2223.0,Meelis,Kivi,,Tartu,2023-07-25,584,3,784.34,1,3,3,7,Potential
2225.0,Meelis,Tamm,meelis.tamm@yahoo.com,Tallinn,2025-02-01,27,5,1044.45,5,5,4,14,VIP Champions
2226.0,Olev,Arro,olev.arro@hot.ee,Jõhvi,2024-08-31,181,4,702.0,3,4,3,10,Loyal
2227.0,Mihkel,Rosin,mihkel.rosin@yahoo.com,Narva,2024-11-21,99,4,1040.72,4,4,4,12,Loyal
2228.0,Mart,Lõhmus,mart.lohmus@hot.ee,Narva,2024-11-04,116,4,737.26,4,4,3,11,Loyal
2229.0,Liis,Liiv,liis.liiv@hot.ee,Tallinn,2025-01-15,44,1,592.8,5,1,2,8,Potential
2230.0,Jüri,Veski,juri.veski@mail.ee,Tallinn,2023-10-22,495,4,814.97,1,4,3,8,Potential
2231.0,Enn,Raid,enn.raid@gmail.com,Tallinn,2024-09-24,157,3,1071.04,3,3,4,10,Loyal
2232.0,Olev,Talvik,olev.talvik@hot.ee,Tallinn,2023-10-28,489,1,166.27,1,1,1,3,Lost
2233.0,Andres,Laas,andres.laas@gmail.com,Tallinn,2024-12-04,86,1,989.97,4,1,4,9,Potential
2235.0,Kristi,Nõmm,kristi.nomm@gmail.com,Narva,2024-12-09,81,4,988.37,4,4,4,12,Loyal
2236.0,Rasmus,Veski,rasmus.veski@gmail.com,Paide,2024-08-21,191,2,235.49,3,2,1,6,At Risk
2238.0,Tõnu,Kull,tonu.kull@gmail.com,Rakvere,2024-12-30,60,2,447.65999999999997,4,2,2,8,Potential
2239.0,Sander,Ilves,sander.ilves@gmail.com,Tallinn,2024-11-19,101,1,184.07,4,1,1,6,At Risk
2240.0,Urmas,Lass,urmas.lass@outlook.com,Tallinn,2025-02-06,22,6,1603.35,5,5,5,15,VIP Champions
2241.0,Lea,Mets,lea.mets@telia.ee,Pärnu,2024-06-15,258,3,612.84,2,3,2,7,Potential
2242.0,Ene,Kull,ene.kull@hot.ee,Tartu,2025-02-04,24,5,1695.49,5,5,5,15,VIP Champions
2243.0,Anna,Veski,anna.veski@yahoo.com,Pärnu,2024-07-07,236,3,1078.13,2,3,4,9,Potential
2244.0,Aivar,Ilves,aivar.ilves@gmail.com,Rakvere,2025-01-29,30,4,852.81,5,4,3,12,Loyal
2245.0,Kevin,Liiv,kevin.liiv@yahoo.com,Tallinn,2024-11-18,102,5,1724.15,4,5,5,14,VIP Champions
2246.0,Kadri,Nurk,kadri.nurk@gmail.com,Paide,2025-01-21,38,2,126.08000000000001,5,2,1,8,Potential
2247.0,Külli,Pihl,kulli.pihl@hot.ee,Jõhvi,2024-08-21,191,3,1006.4100000000001,3,3,4,10,Loyal
2248.0,Kristiina,Lill,kristiina.lill@mail.ee,Tallinn,2023-08-19,559,3,1829.2,1,3,5,9,Potential
2249.0,Ago,Koppel,ago.koppel@yahoo.com,Tallinn,2024-12-17,73,2,582.76,4,2,2,8,Potential
2250.0,Heino,Kivi,heino.kivi@telia.ee,Kuressaare,2024-04-03,331,2,269.53999999999996,1,2,1,4,At Risk
2251.0,Rein,Orav,rein.orav@gmail.com,Tallinn,2024-07-24,219,3,718.16,2,3,3,8,Potential
2252.0,Reet,Laas,reet.laas@outlook.com,Tallinn,2024-12-30,60,4,1381.27,4,4,4,12,Loyal
2253.0,Kati,Luik,kati.luik@telia.ee,Tallinn,2023-12-03,453,1,307.24,1,1,1,3,Lost
2254.0,Kristjan,Roots,kristjan.roots@telia.ee,Tallinn,2023-10-19,498,1,848.85,1,1,3,5,At Risk
2255.0,Nele,Rebane,nele.rebane@yahoo.com,Tallinn,2024-11-28,92,3,577.66,4,3,2,9,Potential
2256.0,Urmas,Põld,urmas.pold@mail.ee,Pärnu,2024-09-12,169,5,2433.85,3,5,5,13,VIP Champions
2257.0,Katrin,Järv,katrin.jarv@mail.ee,Tartu,2024-11-30,90,7,2165.37,4,5,5,14,VIP Champions
2258.0,Enn,Saar,enn.saar@telia.ee,Tartu,2024-11-04,116,1,15.09,4,1,1,6,At Risk
2259.0,Margus,Laas,margus.laas@telia.ee,Pärnu,2024-05-12,292,3,646.35,2,3,3,8,Potential
2260.0,Karin,Org,karin.org@outlook.com,Tallinn,2024-11-09,111,2,317.53000000000003,4,2,1,7,Potential
2261.0,Kristjan,Rand,kristjan.rand@outlook.com,Tallinn,2025-01-20,39,3,887.48,5,3,3,11,Loyal
2262.0,Mart,Lõoke,mart.looke@mail.ee,Tallinn,2023-02-14,745,1,304.14,1,1,1,3,Lost
2264.0,Katrin,Laas,katrin.laas@yahoo.com,Pärnu,2024-12-27,63,5,528.28,4,5,2,11,Loyal
2265.0,Sander,Mägi,sander.magi@hot.ee,Pärnu,2024-02-07,387,4,1683.88,1,4,5,10,Loyal
2266.0,Toomas,Kivi,toomas.kivi@telia.ee,Pärnu,2024-07-23,220,2,371.47,2,2,2,6,At Risk
2267.0,Terje,Tamm,terje.tamm@gmail.com,Tartu,2024-08-28,184,3,1240.48,3,3,4,10,Loyal
2269.0,Merle,Mets,merle.mets@outlook.com,Jõhvi,2025-02-05,23,2,381.59999999999997,5,2,2,9,Potential
2270.0,Hille,Sepp,hille.sepp@outlook.com,Tallinn,2024-12-11,79,7,2488.45,4,5,5,14,VIP Champions
2271.0,Liis,Põld,liis.pold@hot.ee,Pärnu,2025-02-20,8,1,231.13,5,1,1,7,Potential
2272.0,Taavi,Pihl,taavi.pihl@hot.ee,Võru,2025-02-07,21,7,1574.51,5,5,5,15,VIP Champions
2273.0,Kaido,Liiv,kaido.liiv@outlook.com,Tartu,2023-07-20,589,1,541.98,1,1,2,4,At Risk
2274.0,Grete,Mets,,Tartu,2024-10-09,142,3,417.47,3,3,2,8,Potential
2275.0,Sirje,Järv,,Tallinn,2024-12-25,65,3,858.98,4,3,3,10,Loyal
2276.0,Kalev,Kukk,kalev.kukk@yahoo.com,Tartu,2024-03-19,346,2,693.0,1,2,3,6,At Risk
2277.0,Meelis,Lepp,meelis.lepp@outlook.com,Narva,2024-04-14,320,3,1016.62,2,3,4,9,Potential
2279.0,Ants,Puusepp,ants.puusepp@gmail.com,Tartu,2025-02-19,9,5,2683.8599999999997,5,5,5,15,VIP Champions
2281.0,Maris,Kuusik,maris.kuusik@telia.ee,Tartu,2024-11-26,94,5,1148.76,4,5,4,13,VIP Champions
2282.0,Margus,Pärn,margus.parn@hot.ee,Paide,2024-12-12,78,3,732.34,4,3,3,10,Loyal
2284.0,Liis,Järv,liis.jarv@outlook.com,Tallinn,2023-06-04,635,1,210.36,1,1,1,3,Lost
2285.0,Maie,Pärn,maie.parn@hot.ee,Pärnu,2025-01-15,44,5,2925.69,5,5,5,15,VIP Champions
2286.0,Jüri,Salu,juri.salu@yahoo.com,Tartu,2024-12-23,67,1,727.29,4,1,3,8,Potential
2287.0,Aili,Mägi,aili.magi@mail.ee,Valga,2024-06-19,254,3,177.58,2,3,1,6,At Risk
2288.0,Tiit,Arro,tiit.arro@hot.ee,Tallinn,2025-01-15,44,2,2015.75,5,2,5,12,Loyal
2289.0,Maie,Arro,maie.arro@hot.ee,Narva,2024-07-20,223,2,562.2,2,2,2,6,At Risk
2290.0,Arvo,Paas,arvo.paas@yahoo.com,Rakvere,2025-01-07,52,4,536.4,5,4,2,11,Loyal
2291.0,Liis,Kukk,liis.kukk@telia.ee,Pärnu,2024-04-17,317,2,986.24,2,2,4,8,Potential
2292.0,Marko,Aas,marko.aas@outlook.com,Haapsalu,2024-11-26,94,1,86.14,4,1,1,6,At Risk
2293.0,Siim,Vaher,siim.vaher@mail.ee,Tartu,2024-06-11,262,1,417.66,2,1,2,5,At Risk
2294.0,Merle,Luik,merle.luik@hot.ee,Narva,2024-10-06,145,3,1158.1299999999999,3,3,4,10,Loyal
2295.0,Tõnu,Nurk,tonu.nurk@outlook.com,Tartu,2024-07-16,227,3,889.21,2,3,3,8,Potential
2296.0,Rain,Pihl,,Viljandi,2025-02-02,26,3,1432.91,5,3,5,13,VIP Champions
2297.0,Ene,Lill,ene.lill@gmail.com,Pärnu,2024-12-11,79,3,556.09,4,3,2,9,Potential
2298.0,Heino,Lõhmus,heino.lohmus@hot.ee,Tallinn,2024-11-29,91,4,636.19,4,4,3,11,Loyal
2299.0,Indrek,Kuusk,,Pärnu,2024-03-26,339,5,2115.43,1,5,5,11,Loyal
2300.0,Piret,Raud,piret.raud@telia.ee,Tallinn,2024-11-14,106,3,689.77,4,3,3,10,Loyal
2301.0,Siim,Nõmm,siim.nomm@mail.ee,Tartu,2025-01-23,36,3,657.58,5,3,3,11,Loyal
2302.0,Urmas,Tammik,urmas.tammik@mail.ee,Tartu,2024-12-30,60,5,2127.16,4,5,5,14,VIP Champions
2303.0,Annika,Saar,annika.saar@gmail.com,Pärnu,2024-12-03,87,3,1795.17,4,3,5,12,Loyal
2304.0,Tiit,Rosin,tiit.rosin@mail.ee,Tallinn,2024-12-04,86,4,1160.54,4,4,4,12,Loyal
2305.0,Mart,Nõmm,mart.nomm@gmail.com,Paide,2023-12-03,453,2,724.08,1,2,3,6,At Risk
2306.0,Heino,Luik,heino.luik@mail.ee,Narva,2024-01-25,400,2,574.12,1,2,2,5,At Risk
2307.0,Väino,Kukk,vaino.kukk@mail.ee,Kuressaare,2024-08-30,182,2,616.51,3,2,2,7,Potential
2308.0,Ants,Teder,ants.teder@outlook.com,Tallinn,2023-11-16,470,1,269.85,1,1,1,3,Lost
2309.0,Elis,Saar,,Tartu,2023-08-15,563,1,67.75,1,1,1,3,Lost
2310.0,Tiina,Hurt,,Tallinn,2023-10-19,498,1,153.11,1,1,1,3,Lost
2311.0,Mihkel,Saar,mihkel.saar@mail.ee,Viljandi,2024-01-18,407,3,741.72,1,3,3,7,Potential
2312.0,Marko,Kallas,marko.kallas@gmail.com,Tartu,2025-12-26,-301,5,1301.72,5,5,4,14,VIP Champions
2313.0,Mart,Kõiv,mart.koiv@mail.ee,Pärnu,2025-01-22,37,1,1129.05,5,1,4,10,Loyal
2315.0,Anna,Männik,anna.mannik@telia.ee,Narva,2024-12-25,65,2,229.17000000000002,4,2,1,7,Potential
2317.0,Pille,Raud,pille.raud@gmail.com,Haapsalu,2024-03-24,341,5,2142.56,1,5,5,11,Loyal
2318.0,Anu,Teder,anu.teder@yahoo.com,Tartu,2025-01-31,28,11,3148.8,5,5,5,15,VIP Champions
2319.0,Kristiina,Lass,kristiina.lass@telia.ee,Tartu,2024-05-23,281,1,201.14,2,1,1,4,At Risk
2323.0,Arvo,Kaalep,arvo.kaalep@mail.ee,Tallinn,2025-02-23,5,1,385.32,5,1,2,8,Potential
2324.0,Marko,Ilves,marko.ilves@hot.ee,Tartu,2024-09-15,166,3,949.1399999999999,3,3,3,9,Potential
2326.0,Tarmo,Luik,tarmo.luik@gmail.com,Tallinn,2024-12-20,70,3,951.23,4,3,3,10,Loyal
2327.0,Arvo,Arro,arvo.arro@yahoo.com,Tallinn,2024-05-17,287,4,2282.28,2,4,5,11,Loyal
2328.0,Anu,Kuusk,anu.kuusk@mail.ee,Paide,2025-02-02,26,2,420.52,5,2,2,9,Potential
2329.0,Indrek,Puusepp,indrek.puusepp@hot.ee,Rakvere,2025-02-27,1,1,198.29,5,1,1,7,Potential
2330.0,Nele,Pihl,nele.pihl@telia.ee,Pärnu,2024-10-08,143,5,1426.6,3,5,5,13,VIP Champions
2331.0,Katrin,Kivi,katrin.kivi@mail.ee,Tallinn,2025-02-19,9,6,1215.71,5,5,4,14,VIP Champions
2332.0,Marika,Toom,marika.toom@outlook.com,Pärnu,2024-12-27,63,3,1278.22,4,3,4,11,Loyal
2333.0,Kristiina,Lill,kristiina.lill@yahoo.com,Tallinn,2025-02-08,20,2,1732.25,5,2,5,12,Loyal
2334.0,Liina,Must,,Tallinn,2025-02-21,7,1,318.5,5,1,1,7,Potential
2335.0,Kersti,Laas,kersti.laas@outlook.com,Tartu,2024-12-08,82,5,1602.8700000000001,4,5,5,14,VIP Champions
2336.0,Lea,Orav,lea.orav@telia.ee,Rakvere,2024-11-11,109,2,861.12,4,2,3,9,Potential
2337.0,Enn,Põld,enn.pold@yahoo.com,Tartu,2024-10-10,141,5,1569.08,3,5,5,13,VIP Champions
2338.0,Kevin,Pärn,kevin.parn@telia.ee,Tallinn,2023-11-06,480,2,368.82,1,2,2,5,At Risk
2339.0,Margus,Lass,margus.lass@outlook.com,Kuressaare,2023-10-05,512,2,661.17,1,2,3,6,At Risk
2341.0,Jüri,Männik,juri.mannik@gmail.com,Tallinn,2024-09-28,153,1,94.76,3,1,1,5,At Risk
2342.0,Andres,Saar,andres.saar@hot.ee,Pärnu,2024-06-23,250,3,880.46,2,3,3,8,Potential
2343.0,Tarmo,Nõmm,tarmo.nomm@outlook.com,Jõhvi,2024-12-23,67,7,3118.4500000000003,4,5,5,14,VIP Champions
2344.0,Liis,Lõoke,liis.looke@gmail.com,Tartu,2023-08-14,564,3,620.4300000000001,1,3,2,6,At Risk
2346.0,Külli,Kuusik,kulli.kuusik@telia.ee,Tallinn,2024-11-05,115,4,754.0,4,4,3,11,Loyal
2347.0,Lea,Aas,,Pärnu,2024-11-06,114,4,610.02,4,4,2,10,Loyal
2348.0,Marika,Puusepp,marika.puusepp@gmail.com,Haapsalu,2025-02-19,9,3,1432.38,5,3,5,13,VIP Champions
2349.0,Ene,Rebane,ene.rebane@gmail.com,Jõhvi,2025-02-18,10,5,1932.51,5,5,5,15,VIP Champions
2350.0,Madis,Sild,madis.sild@mail.ee,Haapsalu,2024-09-09,172,3,532.15,3,3,2,8,Potential
2351.0,Lauri,Nõmm,lauri.nomm@telia.ee,Tartu,2025-02-25,3,4,1632.3,5,4,5,14,VIP Champions
2353.0,Elis,Põld,,Tallinn,2024-06-25,248,4,697.72,2,4,3,9,Potential
2354.0,Rain,Männik,rain.mannik@gmail.com,Tallinn,2024-11-27,93,1,328.86,4,1,1,6,At Risk
2355.0,Indrek,Mets,indrek.mets@mail.ee,Pärnu,2024-06-08,265,4,1556.09,2,4,5,11,Loyal
2356.0,Meelis,Kaalep,meelis.kaalep@outlook.com,Tallinn,2024-04-01,333,2,1273.31,1,2,4,7,Potential
2357.0,Rein,Valk,,Kuressaare,2024-03-27,338,2,330.24,1,2,1,4,At Risk
2358.0,Elis,Liiv,elis.liiv@hot.ee,Narva,2024-10-07,144,1,154.71,3,1,1,5,At Risk
2359.0,Rein,Rand,rein.rand@yahoo.com,Tallinn,2024-07-15,228,3,776.53,2,3,3,8,Potential
2360.0,Katrin,Luik,katrin.luik@hot.ee,Tallinn,2024-07-22,221,3,720.85,2,3,3,8,Potential
2362.0,Laura,Paas,laura.paas@mail.ee,Tartu,2024-08-14,198,2,478.46999999999997,3,2,2,7,Potential
2363.0,Tõnu,Tamm,tonu.tamm@hot.ee,Tallinn,2025-01-16,43,5,1857.31,5,5,5,15,VIP Champions
2365.0,Väino,Mägi,vaino.magi@gmail.com,Tallinn,2024-10-16,135,3,733.0899999999999,3,3,3,9,Potential
2366.0,Liis,Kuusik,liis.kuusik@outlook.com,Tallinn,2025-02-09,19,4,422.29999999999995,5,4,2,11,Loyal
2367.0,Ülle,Tamm,,Tallinn,2023-08-30,548,1,520.86,1,1,2,4,At Risk
2368.0,Ene,Kivi,ene.kivi@hot.ee,Tallinn,2024-07-30,213,3,1070.57,2,3,4,9,Potential
2369.0,Katrin,Kull,katrin.kull@outlook.com,Tallinn,2024-10-04,147,3,756.3,3,3,3,9,Potential
2370.0,Jaak,Nurk,jaak.nurk@yahoo.com,Kuressaare,2024-04-21,313,3,742.4100000000001,2,3,3,8,Potential
2371.0,Ülle,Teder,ulle.teder@outlook.com,Tartu,2025-01-30,29,4,1542.46,5,4,5,14,VIP Champions
2372.0,Marko,Roots,marko.roots@gmail.com,Narva,2023-01-24,766,1,421.52,1,1,2,4,At Risk
2373.0,Mart,Mägi,,Pärnu,2024-08-01,211,4,904.22,2,4,3,9,Potential
2374.0,Maris,Lepp,maris.lepp@yahoo.com,Tallinn,2025-02-04,24,2,249.3,5,2,1,8,Potential
2375.0,Väino,Pärn,vaino.parn@gmail.com,Tartu,2024-08-21,191,3,883.77,3,3,3,9,Potential
2377.0,Anu,Kivi,,Valga,2023-08-20,558,3,568.51,1,3,2,6,At Risk
2378.0,Mart,Paju,mart.paju@hot.ee,Tallinn,2025-02-04,24,2,397.3,5,2,2,9,Potential
2379.0,Marika,Rosin,marika.rosin@outlook.com,Pärnu,2024-07-03,240,3,1171.6399999999999,2,3,4,9,Potential
2380.0,Marit,Kivi,,Tartu,2024-11-30,90,6,1516.83,4,5,5,14,VIP Champions
2381.0,Väino,Lõoke,vaino.looke@hot.ee,Narva,2024-07-13,230,3,1391.22,2,3,4,9,Potential
2382.0,Lauri,Roots,lauri.roots@gmail.com,Tallinn,2024-12-15,75,3,740.83,4,3,3,10,Loyal
2383.0,Erkki,Arro,erkki.arro@mail.ee,Pärnu,2025-02-25,3,1,310.9,5,1,1,7,Potential
2386.0,Mihkel,Tamm,mihkel.tamm@gmail.com,Tallinn,2024-04-14,320,3,515.5899999999999,2,3,2,7,Potential
2387.0,Sandra,Lill,sandra.lill@gmail.com,Tartu,2024-12-16,74,3,1422.89,4,3,4,11,Loyal
2388.0,Rein,Rand,rein.rand@gmail.com,Tartu,2024-07-20,223,2,1098.67,2,2,4,8,Potential
2389.0,Kevin,Kaalep,kevin.kaalep@telia.ee,Tartu,2024-10-21,130,2,361.25,3,2,2,7,Potential
2390.0,Triin,Lill,triin.lill@telia.ee,Tartu,2024-11-27,93,5,1336.33,4,5,4,13,VIP Champions
2392.0,Kristiina,Talvik,kristiina.talvik@mail.ee,Kuressaare,2024-02-26,368,2,475.53999999999996,1,2,2,5,At Risk
2393.0,Mihkel,Saar,mihkel.saar@telia.ee,Tallinn,2024-08-30,182,1,437.68,3,1,2,6,At Risk
2394.0,Marika,Koppel,marika.koppel@yahoo.com,Tallinn,2025-02-20,8,4,1319.6699999999998,5,4,4,13,VIP Champions
2395.0,Ülle,Nõmm,,Tallinn,2023-05-09,661,1,72.6,1,1,1,3,Lost
2396.0,Heino,Aas,heino.aas@mail.ee,Narva,2025-02-05,23,6,1899.01,5,5,5,15,VIP Champions
2397.0,Kalev,Puusepp,kalev.puusepp@outlook.com,Rakvere,2024-07-12,231,4,2847.6800000000003,2,4,5,11,Loyal
2398.0,Kadri,Värk,,Tallinn,2024-09-09,172,1,459.76,3,1,2,6,At Risk
2399.0,Sander,Kallas,sander.kallas@yahoo.com,Tartu,2024-03-18,347,1,209.05,1,1,1,3,Lost
2400.0,Kati,Lõoke,kati.looke@outlook.com,Kuressaare,2026-03-12,-377,3,1333.62,5,3,4,12,Loyal
2401.0,Ants,Saar,,Tallinn,2024-12-24,66,2,731.37,4,2,3,9,Potential
2402.0,Merike,Järv,merike.jarv@outlook.com,Tallinn,2024-03-22,343,3,1121.33,1,3,4,8,Potential
2403.0,Rasmus,Lill,,Valga,2024-12-08,82,3,1021.44,4,3,4,11,Loyal
2404.0,Piret,Orav,piret.orav@mail.ee,Paide,2024-12-31,59,4,912.02,5,4,3,12,Loyal
2405.0,Laura,Rebane,laura.rebane@mail.ee,Jõhvi,2023-09-15,532,3,408.0,1,3,2,6,At Risk
2406.0,Sigrid,Kõiv,sigrid.koiv@outlook.com,Tallinn,2024-10-25,126,1,482.26,3,1,2,6,At Risk
2407.0,Taavi,Koppel,taavi.koppel@mail.ee,Kuressaare,2026-01-07,-313,4,1279.5900000000001,5,4,4,13,VIP Champions
2409.0,Rein,Saar,rein.saar@hot.ee,Jõhvi,2025-01-04,55,4,810.53,5,4,3,12,Loyal
2410.0,Margus,Kukk,margus.kukk2@hot.ee,Tallinn,2025-02-14,14,3,374.72,5,3,2,10,Loyal
2411.0,Piret,Oja,piret.oja@telia.ee,Tartu,2024-11-29,91,1,221.19,4,1,1,6,At Risk
2412.0,Marko,Liiv,marko.liiv@telia.ee,Tallinn,2024-07-02,241,1,50.85,2,1,1,4,At Risk
2413.0,Tõnu,Kaalep,tonu.kaalep@telia.ee,Narva,2024-10-25,126,3,338.6,3,3,1,7,Potential
2414.0,Riina,Veski,riina.veski@outlook.com,Tartu,2025-02-05,23,2,405.96,5,2,2,9,Potential
2415.0,Kadri,Sild,kadri.sild@hot.ee,Tallinn,2025-02-17,11,1,251.96,5,1,1,7,Potential
2416.0,Sander,Rosin,sander.rosin@telia.ee,Tartu,2024-02-26,368,3,407.07,1,3,2,6,At Risk
2417.0,Kristjan,Lepp,kristjan.lepp@gmail.com,Tartu,2024-09-23,158,3,626.9399999999999,3,3,2,8,Potential
2418.0,Marit,Toom,marit.toom@outlook.com,Tallinn,2024-07-26,217,3,795.5400000000001,2,3,3,8,Potential
2419.0,Merle,Lass,merle.lass@gmail.com,Viljandi,2024-02-28,366,2,177.6,1,2,1,4,At Risk
2420.0,Ene,Kangur,ene.kangur@mail.ee,Tallinn,2024-10-08,143,4,1671.24,3,4,5,12,Loyal
2422.0,Arvo,Paas,arvo.paas@gmail.com,Tartu,2024-05-07,297,5,759.27,2,5,3,10,Loyal
2423.0,Kristjan,Sild,kristjan.sild@mail.ee,Jõhvi,2024-08-04,208,7,1475.29,2,5,5,12,Loyal
2424.0,Anna,Arro,anna.arro@telia.ee,Tartu,2024-09-30,151,3,900.62,3,3,3,9,Potential
2425.0,Sirje,Ilves,sirje.ilves@gmail.com,Pärnu,2024-09-21,160,4,1834.12,3,4,5,12,Loyal
2427.0,Katrin,Lill,katrin.lill@gmail.com,Viljandi,2024-05-08,296,3,940.88,2,3,3,8,Potential
2428.0,Grete,Arro,,Tallinn,2024-12-06,84,1,405.14,4,1,2,7,Potential
2429.0,Hille,Pihl,hille.pihl@yahoo.com,Tartu,2024-11-19,101,4,850.8299999999999,4,4,3,11,Loyal
2430.0,Kalev,Lill,,Tallinn,2024-08-22,190,2,590.73,3,2,2,7,Potential
2431.0,Jüri,Mets,juri.mets@outlook.com,Tallinn,2024-08-13,199,3,845.0799999999999,3,3,3,9,Potential
2432.0,Marko,Arro,marko.arro@mail.ee,Tallinn,2025-01-24,35,3,797.23,5,3,3,11,Loyal
2433.0,Tarmo,Tammik,tarmo.tammik@hot.ee,Tallinn,2024-03-26,339,2,261.84000000000003,1,2,1,4,At Risk
2434.0,Enn,Orav,enn.orav@outlook.com,Tallinn,2025-02-08,20,4,849.14,5,4,3,12,Loyal
2435.0,Riina,Rosin,riina.rosin@gmail.com,Tallinn,2024-12-14,76,5,755.3499999999999,4,5,3,12,Loyal
2436.0,Grete,Kukk,grete.kukk2@hot.ee,Tartu,2024-08-19,193,3,1025.57,3,3,4,10,Loyal
2439.0,Margus,Mitt,margus.mitt@yahoo.com,Pärnu,2025-02-22,6,4,540.62,5,4,2,11,Loyal
2440.0,Lea,Must,,Tallinn,2023-11-03,483,3,645.47,1,3,3,7,Potential
2441.0,Kristjan,Paas,kristjan.paas@gmail.com,Tallinn,2024-03-26,339,3,1634.1200000000001,1,3,5,9,Potential
2442.0,Külli,Pihl,kulli.pihl2@hot.ee,Kuressaare,2025-01-18,41,2,1423.93,5,2,4,11,Loyal
2443.0,Laura,Sild,laura.sild@telia.ee,Tallinn,2024-10-20,131,3,1437.3000000000002,3,3,5,11,Loyal
2445.0,Erkki,Pihl,erkki.pihl@yahoo.com,Tallinn,2024-12-03,87,1,307.27,4,1,1,6,At Risk
2446.0,Tarmo,Oja,tarmo.oja@gmail.com,Tartu,2023-07-24,585,1,54.95,1,1,1,3,Lost
2448.0,Urmas,Nõmm,urmas.nomm@mail.ee,Tallinn,2023-08-26,552,1,542.7,1,1,2,4,At Risk
2449.0,Triin,Rand,triin.rand@outlook.com,Rakvere,2024-03-10,355,2,725.58,1,2,3,6,At Risk
2450.0,Andres,Rebane,andres.rebane@gmail.com,Tartu,2024-09-08,173,2,1057.95,3,2,4,9,Potential
2451.0,Lea,Oja,lea.oja@hot.ee,Tallinn,2025-02-14,14,2,1317.1799999999998,5,2,4,11,Loyal
2454.0,Margus,Kallas,margus.kallas2@telia.ee,Pärnu,2024-06-30,243,2,385.65,2,2,2,6,At Risk
2456.0,Liis,Must,liis.must@outlook.com,Tallinn,2025-01-10,49,5,2096.27,5,5,5,15,VIP Champions
2457.0,Merle,Toom,,Viljandi,2024-07-04,239,6,1147.49,2,5,4,11,Loyal
2458.0,Priit,Valk,priit.valk@yahoo.com,Tartu,2024-09-14,167,3,464.15999999999997,3,3,2,8,Potential
2459.0,Lea,Kukk,,Tartu,2025-01-04,55,1,53.24,5,1,1,7,Potential
2460.0,Liina,Kukk,liina.kukk@hot.ee,Tallinn,2024-12-29,61,3,530.46,4,3,2,9,Potential
2461.0,Kristiina,Liiv,,Tallinn,2024-04-23,311,3,1217.47,2,3,4,9,Potential
2462.0,Maris,Kask,maris.kask@mail.ee,Narva,2023-10-16,501,3,642.23,1,3,3,7,Potential
2463.0,Sigrid,Hurt,sigrid.hurt@telia.ee,Tallinn,2024-08-07,205,5,1580.6100000000001,2,5,5,12,Loyal
2464.0,Madis,Sepp,madis.sepp@hot.ee,Pärnu,2024-12-31,59,3,626.3,5,3,2,10,Loyal
2466.0,Ants,Hurt,ants.hurt@yahoo.com,Kuressaare,2024-04-05,329,1,104.08,1,1,1,3,Lost
2468.0,Tiit,Pihl,,Narva,2024-09-21,160,1,53.01,3,1,1,5,At Risk
2469.0,Anu,Kukk,anu.kukk@telia.ee,Valga,2024-08-29,183,6,2130.7400000000002,3,5,5,13,VIP Champions
2471.0,Laura,Kallas,laura.kallas@outlook.com,Rakvere,2024-10-01,150,2,806.5,3,2,3,8,Potential
2472.0,Heino,Pihl,heino.pihl@telia.ee,Tartu,2024-12-23,67,3,650.55,4,3,3,10,Loyal
2474.0,Ants,Talvik,ants.talvik@hot.ee,Tallinn,2024-12-20,70,3,485.98,4,3,2,9,Potential
2475.0,Siim,Järv,siim.jarv@mail.ee,Tallinn,2024-07-06,237,4,1341.42,2,4,4,10,Loyal
2476.0,Lea,Rand,,Pärnu,2023-11-11,475,1,62.56,1,1,1,3,Lost
2477.0,Ülle,Org,ulle.org@yahoo.com,Tartu,2024-08-13,199,1,654.14,3,1,3,7,Potential
2479.0,Laura,Ilves,laura.ilves@gmail.com,Tartu,2024-08-28,184,4,489.48,3,4,2,9,Potential
2481.0,Annika,Mets,,Tartu,2024-07-25,218,4,1256.58,2,4,4,10,Loyal
2482.0,Rein,Järv,,Tallinn,2024-09-26,155,2,541.07,3,2,2,7,Potential
2483.0,Kadri,Mitt,kadri.mitt@yahoo.com,Jõhvi,2024-08-28,184,2,553.04,3,2,2,7,Potential
2484.0,Kersti,Liiv,kersti.liiv@gmail.com,Tartu,2024-10-23,128,4,1662.94,3,4,5,12,Loyal
2485.0,Erkki,Roots,erkki.roots@gmail.com,Viljandi,2024-12-16,74,5,955.93,4,5,3,12,Loyal
2486.0,Sirje,Kukk,sirje.kukk@mail.ee,Pärnu,2025-02-20,8,6,1594.74,5,5,5,15,VIP Champions
2487.0,Rein,Must,rein.must@yahoo.com,Narva,2025-02-13,15,5,1205.61,5,5,4,14,VIP Champions
2488.0,Rasmus,Teder,rasmus.teder@mail.ee,Valga,2024-08-27,185,1,723.39,3,1,3,7,Potential
2489.0,Liis,Salu,liis.salu@mail.ee,Viljandi,2024-07-24,219,2,222.07,2,2,1,5,At Risk
2490.0,Arvo,Pärn,arvo.parn@yahoo.com,Tallinn,2024-10-05,146,3,1880.98,3,3,5,11,Loyal
2491.0,Elis,Toom,elis.toom@yahoo.com,Pärnu,2024-10-21,130,3,511.55,3,3,2,8,Potential
2492.0,Reet,Männik,reet.mannik@hot.ee,Valga,2024-09-30,151,2,632.6700000000001,3,2,3,8,Potential
2493.0,Kaido,Hurt,,Viljandi,2024-02-07,387,2,720.3,1,2,3,6,At Risk
2494.0,Ragnar,Talvik,ragnar.talvik@gmail.com,Tallinn,2024-10-19,132,5,1107.18,3,5,4,12,Loyal
2495.0,Urmas,Kask,urmas.kask@telia.ee,Tallinn,2025-02-22,6,25,5684.81,5,5,5,15,VIP Champions
2496.0,Ene,Veski,ene.veski@mail.ee,Tallinn,2023-09-19,528,1,269.85,1,1,1,3,Lost
2497.0,Kevin,Tamm,kevin.tamm@outlook.com,Tallinn,2024-07-05,238,1,124.35,2,1,1,4,At Risk
2498.0,Tõnu,Roots,tonu.roots@telia.ee,Tartu,2024-04-15,319,3,1587.8999999999999,2,3,5,10,Loyal
2500.0,Merle,Lepp,merle.lepp@hot.ee,Võru,2024-08-13,199,5,2226.05,3,5,5,13,VIP Champions
2501.0,Siim,Lõoke,siim.looke@yahoo.com,Tartu,2025-02-14,14,1,581.1,5,1,2,8,Potential
2503.0,Aivar,Pihl,aivar.pihl@mail.ee,Tallinn,2023-10-31,486,4,2000.92,1,4,5,10,Loyal
2504.0,Madis,Lass,madis.lass@yahoo.com,Narva,2023-12-16,440,5,796.61,1,5,3,9,Potential
2505.0,Reet,Rosin,reet.rosin@telia.ee,Tartu,2024-12-27,63,1,29.48,4,1,1,6,At Risk
2506.0,Margus,Toom,margus.toom@yahoo.com,Pärnu,2024-09-18,163,1,134.58,3,1,1,5,At Risk
2509.0,Marit,Koppel,marit.koppel@telia.ee,Valga,2024-12-23,67,3,1179.84,4,3,4,11,Loyal
2510.0,Anna,Kõiv,anna.koiv@hot.ee,Narva,2024-08-20,192,4,308.45,3,4,1,8,Potential
2511.0,Merike,Sild,,Tallinn,2024-09-24,157,4,801.99,3,4,3,10,Loyal
2513.0,Henri,Arro,henri.arro@gmail.com,Tallinn,2024-12-26,64,6,1513.26,4,5,5,14,VIP Champions
2514.0,Jüri,Nõmm,,Tallinn,2025-12-07,-282,4,1173.6599999999999,5,4,4,13,VIP Champions
2515.0,Anu,Tamm,anu.tamm@yahoo.com,Tartu,2024-12-22,68,3,899.3299999999999,4,3,3,10,Loyal
2516.0,Henri,Kuusik,henri.kuusik@hot.ee,Tallinn,2024-08-05,207,1,254.76,2,1,1,4,At Risk
2517.0,Jüri,Lepik,,Pärnu,2025-01-22,37,2,164.07,5,2,1,8,Potential
2518.0,Olev,Lill,olev.lill@telia.ee,Narva,2023-06-18,621,3,297.8,1,3,1,5,At Risk
2519.0,Toomas,Kull,toomas.kull@mail.ee,Tallinn,2024-11-18,102,4,1300.29,4,4,4,12,Loyal
2520.0,Merle,Koppel,merle.koppel@yahoo.com,Tartu,2023-11-29,457,1,81.48,1,1,1,3,Lost
2521.0,Kristi,Kull,kristi.kull@telia.ee,Tartu,2025-01-04,55,2,316.69,5,2,1,8,Potential
2522.0,Hille,Saar,hille.saar@outlook.com,Tallinn,2025-01-28,31,3,1264.56,5,3,4,12,Loyal
2523.0,Katrin,Rebane,katrin.rebane@gmail.com,Tallinn,2024-12-03,87,1,234.1,4,1,1,6,At Risk
2524.0,Sigrid,Järv,sigrid.jarv@telia.ee,Tallinn,2024-06-06,267,4,868.85,2,4,3,9,Potential
2526.0,Rein,Valk,rein.valk@yahoo.com,Valga,2024-07-20,223,2,857.97,2,2,3,7,Potential
2528.0,Kalev,Pärn,kalev.parn@hot.ee,Valga,2024-04-17,317,1,136.3,2,1,1,4,At Risk
2529.0,Kaido,Roots,kaido.roots@outlook.com,Tallinn,2024-09-20,161,3,996.3699999999999,3,3,4,10,Loyal
2530.0,Pille,Must,pille.must@mail.ee,Tallinn,2024-10-27,124,5,1473.03,3,5,5,13,VIP Champions
2533.0,Aili,Orav,aili.orav@gmail.com,Tartu,2024-01-17,408,4,923.7900000000001,1,4,3,8,Potential
2534.0,Sander,Sild,sander.sild@outlook.com,Tallinn,2024-06-08,265,4,850.0,2,4,3,9,Potential
2535.0,Eha,Hurt,eha.hurt@hot.ee,Tallinn,2024-11-25,95,5,741.12,4,5,3,12,Loyal
2536.0,Aivar,Lõoke,aivar.looke@telia.ee,Tallinn,2024-12-01,89,4,1202.21,4,4,4,12,Loyal
2537.0,Grete,Oja,grete.oja@gmail.com,Tallinn,2024-06-27,246,2,683.55,2,2,3,7,Potential
2538.0,Heli,Kangur,heli.kangur@gmail.com,Pärnu,2025-02-20,8,4,1888.48,5,4,5,14,VIP Champions
2539.0,Arvo,Pihl,arvo.pihl@outlook.com,Tallinn,2024-12-14,76,3,1034.97,4,3,4,11,Loyal
2540.0,Triin,Must,triin.must@outlook.com,Pärnu,2023-12-26,430,1,347.84,1,1,2,4,At Risk
2542.0,Riina,Paju,riina.paju@yahoo.com,Tallinn,2024-08-23,189,3,1523.18,3,3,5,11,Loyal
2543.0,Tõnu,Nõmm,,Narva,2023-12-18,438,2,458.26000000000005,1,2,2,5,At Risk
2544.0,Kersti,Mets,kersti.mets@hot.ee,Tallinn,2025-02-19,9,2,635.51,5,2,3,10,Loyal
2545.0,Triin,Talvik,triin.talvik@hot.ee,Tallinn,2025-01-24,35,2,670.14,5,2,3,10,Loyal
2546.0,Sander,Põld,sander.pold@mail.ee,Tartu,2023-07-25,584,4,1717.25,1,4,5,10,Loyal
2547.0,Väino,Kuusik,vaino.kuusik2@hot.ee,Rakvere,2023-06-04,635,2,471.65000000000003,1,2,2,5,At Risk
2548.0,Kalev,Must,,Tartu,2024-05-05,299,4,722.23,2,4,3,9,Potential
2549.0,Tarmo,Kukk,tarmo.kukk@outlook.com,Pärnu,2024-10-30,121,6,1295.54,3,5,4,12,Loyal
2551.0,Ülle,Pihl,ulle.pihl@telia.ee,Kuressaare,2024-12-25,65,4,1034.58,4,4,4,12,Loyal
2552.0,Tarmo,Nõmm,tarmo.nomm@gmail.com,Tallinn,2024-06-06,267,4,1359.9499999999998,2,4,4,10,Loyal
2553.0,Maris,Org,maris.org@gmail.com,Tallinn,2024-08-01,211,2,1323.46,2,2,4,8,Potential
2554.0,Kristiina,Puusepp,kristiina.puusepp@mail.ee,Tartu,2024-06-08,265,3,683.99,2,3,3,8,Potential
2555.0,Olev,Lõoke,olev.looke@mail.ee,Valga,2024-07-12,231,4,1801.08,2,4,5,11,Loyal
2556.0,Nele,Aas,nele.aas@mail.ee,Tallinn,2024-11-11,109,4,861.49,4,4,3,11,Loyal
2557.0,Siim,Arro,siim.arro@hot.ee,Tallinn,2024-08-17,195,2,273.21999999999997,3,2,1,6,At Risk
2558.0,Hille,Mets,hille.mets@gmail.com,Kuressaare,2024-09-06,175,11,2733.29,3,5,5,13,VIP Champions
2559.0,Marit,Ilves,marit.ilves@yahoo.com,Tallinn,2024-11-02,118,3,465.48,4,3,2,9,Potential
2561.0,Annika,Roots,annika.roots@gmail.com,Tallinn,2024-11-16,104,5,794.34,4,5,3,12,Loyal
2563.0,Kevin,Lill,,Tallinn,2024-12-14,76,4,772.9200000000001,4,4,3,11,Loyal
2564.0,Peeter,Nurk,peeter.nurk@yahoo.com,Tallinn,2025-01-27,32,6,994.52,5,5,4,14,VIP Champions
2565.0,Aivar,Puusepp,aivar.puusepp@gmail.com,Kuressaare,2025-01-29,30,1,35.94,5,1,1,7,Potential
2566.0,Pille,Rosin,pille.rosin@hot.ee,Tallinn,2024-12-20,70,3,337.40999999999997,4,3,1,8,Potential
2567.0,Mart,Lepp,mart.lepp@mail.ee,Tallinn,2024-10-19,132,3,1072.28,3,3,4,10,Loyal
2569.0,Külli,Põld,kulli.pold@hot.ee,Tallinn,2024-06-28,245,1,331.59,2,1,1,4,At Risk
2570.0,Maie,Veski,maie.veski@hot.ee,Tartu,2024-12-02,88,2,625.5,4,2,2,8,Potential
2572.0,Tarmo,Lepp,tarmo.lepp@yahoo.com,Tallinn,2025-01-03,56,4,1380.03,5,4,4,13,VIP Champions
2574.0,Aivar,Nurk,aivar.nurk@outlook.com,Jõhvi,2024-01-11,414,3,1315.6399999999999,1,3,4,8,Potential
2575.0,Mihkel,Lõhmus,mihkel.lohmus@gmail.com,Tartu,2024-09-17,164,2,996.84,3,2,4,9,Potential
2576.0,Meelis,Org,meelis.org@yahoo.com,Tallinn,2024-08-13,199,1,301.97,3,1,1,5,At Risk
2577.0,Heino,Laas,heino.laas@telia.ee,Haapsalu,2024-12-23,67,5,1307.73,4,5,4,13,VIP Champions
2578.0,Ene,Vaher,ene.vaher@mail.ee,Tallinn,2024-04-30,304,3,1054.88,2,3,4,9,Potential
2579.0,Taavi,Pihl,taavi.pihl@yahoo.com,Võru,2024-08-21,191,3,1197.24,3,3,4,10,Loyal
2580.0,Laura,Mitt,laura.mitt@outlook.com,Pärnu,2024-12-23,67,4,706.78,4,4,3,11,Loyal
2581.0,Merike,Must,,Tallinn,2024-09-15,166,2,504.93,3,2,2,7,Potential
2583.0,Madis,Rosin,madis.rosin@outlook.com,Võru,2024-10-31,120,1,562.38,3,1,2,6,At Risk
2585.0,Sirje,Must,sirje.must@telia.ee,Tartu,2024-01-02,423,3,649.45,1,3,3,7,Potential
2586.0,Jüri,Mitt,juri.mitt@yahoo.com,Tartu,2024-12-13,77,2,283.45000000000005,4,2,1,7,Potential
2588.0,Hille,Paju,,Tallinn,2024-10-07,144,3,871.94,3,3,3,9,Potential
2589.0,Annika,Vaher,annika.vaher@gmail.com,Pärnu,2024-10-02,149,2,803.56,3,2,3,8,Potential
2590.0,Arvo,Ilves,arvo.ilves@mail.ee,Viljandi,2024-07-24,219,1,564.58,2,1,2,5,At Risk
2591.0,Tõnu,Kaalep,tonu.kaalep@gmail.com,Tartu,2024-08-16,196,2,385.15999999999997,3,2,2,7,Potential
2592.0,Anu,Liiv,,Valga,2024-11-28,92,3,998.67,4,3,4,11,Loyal
2593.0,Kati,Kask,kati.kask@telia.ee,Pärnu,2024-06-26,247,2,1220.1799999999998,2,2,4,8,Potential
2594.0,Annika,Männik,annika.mannik@gmail.com,Tartu,2024-03-30,335,1,184.15,1,1,1,3,Lost
2596.0,Eha,Lepik,eha.lepik@gmail.com,Tartu,2023-10-28,489,3,690.89,1,3,3,7,Potential
2597.0,Erkki,Pihl,erkki.pihl@mail.ee,Haapsalu,2025-02-18,10,5,774.86,5,5,3,13,VIP Champions
2598.0,Aili,Nõmm,aili.nomm@gmail.com,Pärnu,2024-09-11,170,3,853.62,3,3,3,9,Potential
2599.0,Enn,Kuusk,enn.kuusk@mail.ee,Tallinn,2023-02-21,738,1,583.44,1,1,2,4,At Risk
2600.0,Triin,Puusepp,triin.puusepp@telia.ee,Tallinn,2024-04-30,304,1,221.89,2,1,1,4,At Risk
2601.0,Henri,Rosin,,Tallinn,2023-12-11,445,1,282.95,1,1,1,3,Lost
2602.0,Tõnu,Tammik,tonu.tammik@gmail.com,Haapsalu,2024-03-12,353,1,351.33,1,1,2,4,At Risk
2603.0,Ants,Talvik,ants.talvik@gmail.com,Tallinn,2025-01-18,41,4,1133.42,5,4,4,13,VIP Champions
2608.0,Siim,Lass,siim.lass@gmail.com,Pärnu,2023-07-26,583,2,920.6899999999999,1,2,3,6,At Risk
2609.0,Taavi,Pihl,taavi.pihl@mail.ee,Haapsalu,2024-09-03,178,7,1494.74,3,5,5,13,VIP Champions
2610.0,Tarmo,Mets,tarmo.mets@outlook.com,Narva,2023-07-15,594,2,470.85,1,2,2,5,At Risk
2611.0,Mihkel,Sepp,,Tartu,2025-02-13,15,4,1048.93,5,4,4,13,VIP Champions
2612.0,Marko,Rand,marko.rand@telia.ee,Tallinn,2025-01-08,51,4,390.59000000000003,5,4,2,11,Loyal
2613.0,Külli,Rand,kulli.rand@telia.ee,Pärnu,2023-11-01,485,4,1198.8000000000002,1,4,4,9,Potential
2614.0,Aili,Lass,aili.lass@outlook.com,Tallinn,2023-09-16,531,2,332.77000000000004,1,2,1,4,At Risk
2615.0,Maie,Tammik,maie.tammik@outlook.com,Pärnu,2024-09-21,160,2,744.8,3,2,3,8,Potential
2616.0,Anu,Kuusik,anu.kuusik@hot.ee,Narva,2024-07-12,231,3,1493.9600000000003,2,3,5,10,Loyal
2617.0,Rasmus,Valk,rasmus.valk@mail.ee,Tartu,2024-12-13,77,4,1554.0300000000002,4,4,5,13,VIP Champions
2618.0,Jaak,Liiv,jaak.liiv@hot.ee,Tallinn,2024-09-11,170,6,1351.18,3,5,4,12,Loyal
2619.0,Andres,Mägi,,Tallinn,2024-12-21,69,6,2185.9,4,5,5,14,VIP Champions
2620.0,Tõnu,Valk,tonu.valk@outlook.com,Viljandi,2024-09-04,177,4,1303.41,3,4,4,11,Loyal
2622.0,Annika,Kuusk,annika.kuusk@mail.ee,Tartu,2024-03-18,347,4,937.55,1,4,3,8,Potential
2623.0,Rasmus,Kask,rasmus.kask@yahoo.com,Pärnu,2023-10-08,509,1,253.8,1,1,1,3,Lost
2624.0,Pille,Põld,pille.pold@telia.ee,Tallinn,2024-09-24,157,1,155.2,3,1,1,5,At Risk
2625.0,Henri,Oja,henri.oja@mail.ee,Tallinn,2023-09-02,545,1,67.75,1,1,1,3,Lost
2626.0,Margus,Kõiv,margus.koiv@outlook.com,Tartu,2024-05-22,282,2,797.3800000000001,2,2,3,7,Potential
2627.0,Peeter,Salu,peeter.salu@yahoo.com,Pärnu,2024-08-26,186,6,1345.75,3,5,4,12,Loyal
2628.0,Piret,Nõmm,piret.nomm@mail.ee,Tallinn,2024-04-23,311,2,416.48,2,2,2,6,At Risk
2629.0,Sandra,Paas,sandra.paas@mail.ee,Viljandi,2024-08-10,202,6,3990.98,3,5,5,13,VIP Champions
2630.0,Merle,Valk,merle.valk@gmail.com,Viljandi,2024-05-22,282,2,406.52000000000004,2,2,2,6,At Risk
2631.0,Tõnu,Kivi,tonu.kivi@outlook.com,Narva,2024-08-23,189,6,1793.45,3,5,5,13,VIP Champions
2632.0,Tiina,Mägi,tiina.magi@gmail.com,Viljandi,2024-11-29,91,6,1805.58,4,5,5,14,VIP Champions
2633.0,Triin,Liiv,triin.liiv@gmail.com,Pärnu,2024-12-28,62,1,123.64,4,1,1,6,At Risk
2634.0,Meelis,Org,meelis.org@telia.ee,Tartu,2024-08-11,201,2,625.5,3,2,2,7,Potential
2635.0,Hille,Tamm,hille.tamm@outlook.com,Pärnu,2024-11-13,107,3,792.44,4,3,3,10,Loyal
2636.0,Lauri,Sepp,lauri.sepp@yahoo.com,Tallinn,2024-05-06,298,5,1675.4499999999998,2,5,5,12,Loyal
2638.0,Kristjan,Raid,kristjan.raid@telia.ee,Jõhvi,2024-12-21,69,6,740.53,4,5,3,12,Loyal
2639.0,Rain,Lepp,rain.lepp@hot.ee,Pärnu,2025-01-29,30,4,1062.87,5,4,4,13,VIP Champions
2640.0,Kevin,Koppel,kevin.koppel@outlook.com,Haapsalu,2024-04-14,320,2,368.75,2,2,2,6,At Risk
2641.0,Marit,Järv,marit.jarv@outlook.com,Tallinn,2023-07-15,594,4,836.8199999999999,1,4,3,8,Potential
2642.0,Ragnar,Laas,ragnar.laas@gmail.com,Tallinn,2024-03-26,339,4,1441.35,1,4,5,10,Loyal
2643.0,Margus,Lill,margus.lill@outlook.com,Haapsalu,2024-08-21,191,2,280.09,3,2,1,6,At Risk
2644.0,Tarmo,Hurt,tarmo.hurt@yahoo.com,Võru,2023-07-15,594,2,636.4699999999999,1,2,3,6,At Risk
2645.0,Nele,Laas,nele.laas@hot.ee,Kuressaare,2024-11-25,95,4,1007.98,4,4,4,12,Loyal
2646.0,Urmas,Pihl,,Tallinn,2024-11-01,119,1,828.6,4,1,3,8,Potential
2649.0,Anu,Värk,anu.vark@mail.ee,Tallinn,2024-02-01,393,1,172.28,1,1,1,3,Lost
2650.0,Madis,Liiv,madis.liiv@gmail.com,Jõhvi,2024-07-30,213,1,147.8,2,1,1,4,At Risk
2652.0,Heino,Mitt,heino.mitt@hot.ee,Tallinn,2024-09-20,161,6,2920.5299999999997,3,5,5,13,VIP Champions
2653.0,Elis,Kukk,elis.kukk@telia.ee,Pärnu,2024-12-26,64,5,1821.35,4,5,5,14,VIP Champions
2654.0,Rasmus,Luik,rasmus.luik@outlook.com,Pärnu,2024-11-19,101,2,306.39,4,2,1,7,Potential
2657.0,Hille,Rosin,,Pärnu,2025-01-03,56,5,512.59,5,5,2,12,Loyal
2658.0,Enn,Salu,enn.salu@hot.ee,Narva,2023-08-28,550,1,48.85,1,1,1,3,Lost
2659.0,Laura,Kõiv,laura.koiv@telia.ee,Viljandi,2024-05-17,287,4,1387.4099999999999,2,4,4,10,Loyal
2660.0,Aivar,Pihl,aivar.pihl@outlook.com,Narva,2024-12-29,61,4,1074.93,4,4,4,12,Loyal
2661.0,Väino,Raid,vaino.raid@mail.ee,Tallinn,2024-12-23,67,1,107.67,4,1,1,6,At Risk
2662.0,Maris,Luik,,Viljandi,2024-10-30,121,2,555.01,3,2,2,7,Potential
2663.0,Kristiina,Roots,,Tallinn,2024-07-07,236,1,371.05,2,1,2,5,At Risk
2664.0,Aili,Lill,aili.lill@gmail.com,Rakvere,2024-09-05,176,2,503.48,3,2,2,7,Potential
2665.0,Maris,Kallas,maris.kallas@hot.ee,Rakvere,2023-11-10,476,1,41.79,1,1,1,3,Lost
2666.0,Taavi,Tammik,taavi.tammik@hot.ee,Tallinn,2024-01-01,424,2,2123.64,1,2,5,8,Potential
2667.0,Külli,Lõhmus,kulli.lohmus@yahoo.com,Tallinn,2023-07-29,580,1,388.92,1,1,2,4,At Risk
2668.0,Rasmus,Männik,rasmus.mannik@gmail.com,Tallinn,2023-07-03,606,3,734.03,1,3,3,7,Potential
2670.0,Jaak,Vaher,jaak.vaher@hot.ee,Rakvere,2024-03-01,364,1,158.94,1,1,1,3,Lost
2671.0,Liina,Mitt,liina.mitt@hot.ee,Tallinn,2024-11-07,113,4,1214.71,4,4,4,12,Loyal
2672.0,Margus,Kull,margus.kull@telia.ee,Tallinn,2024-10-21,130,8,2281.66,3,5,5,13,VIP Champions
2673.0,Laura,Kallas,laura.kallas@telia.ee,Tartu,2024-08-26,186,2,191.68,3,2,1,6,At Risk
2674.0,Mihkel,Teder,mihkel.teder@telia.ee,Viljandi,2025-02-20,8,3,1044.1200000000001,5,3,4,12,Loyal
2675.0,Karin,Org,karin.org@gmail.com,Tallinn,2024-11-03,117,2,534.09,4,2,2,8,Potential
2676.0,Sander,Roots,sander.roots@hot.ee,Paide,2024-09-14,167,4,1040.8,3,4,4,11,Loyal
2677.0,Ants,Valk,ants.valk@mail.ee,Pärnu,2023-01-07,783,1,139.74,1,1,1,3,Lost
2678.0,Heli,Hurt,,Tallinn,2024-10-15,136,4,1479.59,3,4,5,12,Loyal
2681.0,Kadri,Mitt,kadri.mitt@gmail.com,Pärnu,2024-03-19,346,2,756.64,1,2,3,6,At Risk
2682.0,Riina,Rebane,riina.rebane@hot.ee,Tallinn,2024-03-01,364,3,382.18,1,3,2,6,At Risk
2683.0,Marit,Lill,marit.lill@outlook.com,Kuressaare,2024-08-31,181,3,951.3199999999999,3,3,3,9,Potential
2684.0,Andres,Sild,andres.sild@mail.ee,Pärnu,2025-01-02,57,6,3287.9300000000003,5,5,5,15,VIP Champions
2685.0,Heli,Männik,heli.mannik@telia.ee,Tallinn,2024-11-25,95,1,51.58,4,1,1,6,At Risk
2686.0,Merike,Männik,merike.mannik@gmail.com,Tallinn,2024-08-24,188,3,861.4,3,3,3,9,Potential
2687.0,Meelis,Mets,meelis.mets@outlook.com,Tartu,2025-01-13,46,4,2554.02,5,4,5,14,VIP Champions
2689.0,Kristjan,Pärn,kristjan.parn@gmail.com,Pärnu,2024-02-14,380,3,741.8499999999999,1,3,3,7,Potential
2690.0,Siim,Toom,,Haapsalu,2024-03-31,334,7,1927.3799999999999,1,5,5,11,Loyal
2691.0,Olev,Valk,olev.valk@gmail.com,Tallinn,2024-08-08,204,3,1016.21,2,3,4,9,Potential
2692.0,Ragnar,Pärn,ragnar.parn@mail.ee,Tallinn,2025-01-07,52,3,404.83000000000004,5,3,2,10,Loyal
2693.0,Kadri,Toom,kadri.toom@hot.ee,Tallinn,2024-12-20,70,3,1674.44,4,3,5,12,Loyal
2695.0,Kadri,Orav,kadri.orav@yahoo.com,Tallinn,2024-04-15,319,1,154.71,2,1,1,4,At Risk
2696.0,Meelis,Tammik,meelis.tammik@telia.ee,Tartu,2025-02-26,2,5,2096.5,5,5,5,15,VIP Champions
2697.0,Anu,Lepp,anu.lepp@telia.ee,Tallinn,2024-11-27,93,2,611.6,4,2,2,8,Potential
2700.0,Rein,Kallas,rein.kallas@outlook.com,Jõhvi,2024-10-21,130,2,565.53,3,2,2,7,Potential
2702.0,Terje,Kallas,terje.kallas@yahoo.com,Tallinn,2024-06-23,250,4,679.32,2,4,3,9,Potential
2704.0,Peeter,Järv,peeter.jarv@mail.ee,Pärnu,2024-04-15,319,3,1460.31,2,3,5,10,Loyal
2705.0,Hille,Kask,hille.kask@mail.ee,Tallinn,2024-12-26,64,4,1871.32,4,4,5,13,VIP Champions
2706.0,Ants,Tamm,ants.tamm@gmail.com,Tallinn,2024-08-21,191,4,1680.1100000000001,3,4,5,12,Loyal
2707.0,Külli,Sild,kulli.sild@mail.ee,Tartu,2024-10-27,124,4,3477.2799999999997,3,4,5,12,Loyal
2708.0,Marika,Kask,marika.kask@telia.ee,Tallinn,2024-12-05,85,5,1418.79,4,5,4,13,VIP Champions
2709.0,Katrin,Org,katrin.org@hot.ee,Tallinn,2024-09-23,158,7,1724.31,3,5,5,13,VIP Champions
2710.0,Laura,Org,laura.org@mail.ee,Tallinn,2025-01-05,54,1,164.3,5,1,1,7,Potential
2711.0,Taavi,Teder,taavi.teder@outlook.com,Tartu,2024-10-11,140,3,667.14,3,3,3,9,Potential
2712.0,Väino,Rosin,vaino.rosin@outlook.com,Tallinn,2025-01-13,46,7,2902.95,5,5,5,15,VIP Champions
2713.0,Kristiina,Raud,kristiina.raud@gmail.com,Tallinn,2025-12-27,-302,9,2848.88,5,5,5,15,VIP Champions
2714.0,Karin,Raud,karin.raud@telia.ee,Jõhvi,2024-02-25,369,3,999.29,1,3,4,8,Potential
2715.0,Erkki,Veski,,Võru,2024-08-13,199,1,83.1,3,1,1,5,At Risk
2716.0,Grete,Kallas,grete.kallas@telia.ee,Tallinn,2024-12-30,60,4,629.1300000000001,4,4,2,10,Loyal
2717.0,Marika,Männik,marika.mannik@yahoo.com,Tartu,2024-07-17,226,4,925.08,2,4,3,9,Potential
2719.0,Taavi,Vaher,taavi.vaher@outlook.com,Tallinn,2025-02-11,17,2,441.27000000000004,5,2,2,9,Potential
2720.0,Peeter,Lass,peeter.lass@mail.ee,Tallinn,2023-08-21,557,2,241.3,1,2,1,4,At Risk
2721.0,Väino,Mitt,vaino.mitt@hot.ee,Pärnu,2024-12-06,84,5,1676.13,4,5,5,14,VIP Champions
2722.0,Erkki,Lill,erkki.lill@mail.ee,Tallinn,2024-11-03,117,2,351.6,4,2,2,8,Potential
2723.0,Reet,Kuusik,,Tartu,2023-07-12,597,2,950.71,1,2,3,6,At Risk
2724.0,Mart,Lass,mart.lass@mail.ee,Tartu,2024-07-07,236,2,850.9100000000001,2,2,3,7,Potential
2725.0,Priit,Kõiv,priit.koiv@hot.ee,Haapsalu,2024-04-06,328,3,577.87,1,3,2,6,At Risk
2726.0,Elis,Laas,elis.laas@gmail.com,Tallinn,2024-12-29,61,3,462.85,4,3,2,9,Potential
2727.0,Elis,Pärn,elis.parn@hot.ee,Jõhvi,2025-02-09,19,2,608.0,5,2,2,9,Potential
2728.0,Marika,Kaalep,marika.kaalep@hot.ee,Tallinn,2024-01-07,418,2,1128.4,1,2,4,7,Potential
2729.0,Kristi,Vaher,kristi.vaher@yahoo.com,Tallinn,2025-01-24,35,2,915.75,5,2,3,10,Loyal
2730.0,Merle,Puusepp,merle.puusepp@outlook.com,Tallinn,2024-04-30,304,4,952.61,2,4,3,9,Potential
2731.0,Indrek,Mets,indrek.mets@telia.ee,Tartu,2024-03-03,362,5,1504.33,1,5,5,11,Loyal
2732.0,Karin,Valk,,Tartu,2024-05-05,299,4,1288.22,2,4,4,10,Loyal
2733.0,Eha,Järv,,Tallinn,2024-07-31,212,4,1288.79,2,4,4,10,Loyal
2734.0,Marika,Orav,marika.orav@mail.ee,Tallinn,2024-11-12,108,3,1040.38,4,3,4,11,Loyal
2735.0,Maie,Koppel,maie.koppel@telia.ee,Tallinn,2024-12-21,69,7,1697.56,4,5,5,14,VIP Champions
2737.0,Piret,Kivi,piret.kivi@mail.ee,Tallinn,2024-07-22,221,1,642.84,2,1,3,6,At Risk
2739.0,Sigrid,Kõiv,sigrid.koiv@gmail.com,Pärnu,2026-04-14,-410,3,980.51,5,3,4,12,Loyal
2740.0,Tiina,Kallas,tiina.kallas@telia.ee,Paide,2024-06-04,269,2,1496.63,2,2,5,9,Potential
2741.0,Sandra,Lõhmus,sandra.lohmus@telia.ee,Tallinn,2025-01-07,52,5,1645.34,5,5,5,15,VIP Champions
2742.0,Henri,Mets,henri.mets@telia.ee,Tallinn,2024-08-05,207,2,1380.0,2,2,4,8,Potential
2743.0,Ragnar,Luik,ragnar.luik@gmail.com,Tallinn,2024-11-10,110,3,739.39,4,3,3,10,Loyal
2744.0,Piret,Kull,piret.kull@telia.ee,Rakvere,2024-03-10,355,5,2480.73,1,5,5,11,Loyal
2745.0,Ene,Liiv,ene.liiv@mail.ee,Tallinn,2024-09-28,153,6,1455.31,3,5,5,13,VIP Champions
2746.0,Toomas,Org,toomas.org@yahoo.com,Tallinn,2024-01-26,399,3,1514.81,1,3,5,9,Potential
2747.0,Piret,Kuusik,piret.kuusik@gmail.com,Kuressaare,2024-04-17,317,1,51.5,2,1,1,4,At Risk
2748.0,Enn,Mägi,enn.magi@hot.ee,Pärnu,2024-02-26,368,3,443.95000000000005,1,3,2,6,At Risk
2749.0,Urmas,Kukk,urmas.kukk@mail.ee,Jõhvi,2025-02-27,1,4,1270.6,5,4,4,13,VIP Champions
2750.0,Tõnu,Lõoke,,Haapsalu,2024-09-21,160,5,1281.23,3,5,4,12,Loyal
2751.0,Ants,Kuusk,ants.kuusk@outlook.com,Tallinn,2024-07-31,212,3,701.4,2,3,3,8,Potential
2752.0,Merle,Kaalep,merle.kaalep@outlook.com,Tallinn,2024-06-18,255,1,302.86,2,1,1,4,At Risk
2754.0,Liis,Nurk,liis.nurk@yahoo.com,Pärnu,2024-07-02,241,1,253.23,2,1,1,4,At Risk
2755.0,Merike,Nõmm,merike.nomm@yahoo.com,Jõhvi,2024-07-22,221,5,2241.7,2,5,5,12,Loyal
2756.0,Tiit,Värk,,Tartu,2024-06-15,258,2,500.26,2,2,2,6,At Risk
2757.0,Erkki,Mets,erkki.mets@yahoo.com,Võru,2023-12-22,434,3,1054.0,1,3,4,8,Potential
2758.0,Kristi,Oja,kristi.oja@gmail.com,Tartu,2025-01-01,58,7,1175.3899999999999,5,5,4,14,VIP Champions
2759.0,Erkki,Saar,erkki.saar@gmail.com,Pärnu,2024-11-11,109,5,1448.96,4,5,5,14,VIP Champions
2760.0,Ene,Pärn,ene.parn@outlook.com,Tallinn,2024-05-30,274,2,499.88,2,2,2,6,At Risk
2761.0,Külli,Org,kulli.org@telia.ee,Pärnu,2024-08-28,184,4,1249.75,3,4,4,11,Loyal
2762.0,Liina,Kõiv,liina.koiv@gmail.com,Viljandi,2024-06-04,269,3,366.59000000000003,2,3,2,7,Potential
2763.0,Margus,Lõoke,margus.looke@telia.ee,Jõhvi,2023-12-01,455,1,552.4,1,1,2,4,At Risk
2764.0,Maris,Männik,,Tartu,2024-12-19,71,4,1004.08,4,4,4,12,Loyal
2765.0,Kersti,Veski,kersti.veski@gmail.com,Tallinn,2025-02-21,7,6,1349.9099999999999,5,5,4,14,VIP Champions
2766.0,Tarmo,Luik,tarmo.luik@yahoo.com,Haapsalu,2024-12-14,76,8,1558.16,4,5,5,14,VIP Champions
2767.0,Kaido,Mitt,kaido.mitt@mail.ee,Rakvere,2024-02-05,389,3,409.75,1,3,2,6,At Risk
2768.0,Aivar,Toom,aivar.toom@mail.ee,Haapsalu,2024-10-18,133,3,331.66,3,3,1,7,Potential
2770.0,Toomas,Lõhmus,toomas.lohmus@telia.ee,Kuressaare,2024-12-12,78,5,2662.2,4,5,5,14,VIP Champions
2771.0,Andres,Sepp,andres.sepp@yahoo.com,Tallinn,2025-02-07,21,6,1437.11,5,5,5,15,VIP Champions
2772.0,Jüri,Vaher,juri.vaher@gmail.com,Tartu,2024-07-05,238,2,281.39,2,2,1,5,At Risk
2773.0,Enn,Lõhmus,enn.lohmus@yahoo.com,Tallinn,2024-07-21,222,3,1085.73,2,3,4,9,Potential
2774.0,Külli,Rebane,,Tallinn,2023-12-23,433,2,374.43,1,2,2,5,At Risk
2775.0,Ants,Paju,ants.paju@mail.ee,Pärnu,2025-02-19,9,27,7923.54,5,5,5,15,VIP Champions
2776.0,Triin,Lill,triin.lill@hot.ee,Tallinn,2024-03-23,342,1,138.13,1,1,1,3,Lost
2777.0,Rasmus,Mets,,Narva,2024-04-24,310,3,1147.73,2,3,4,9,Potential
2778.0,Taavi,Teder,,Paide,2023-10-16,501,2,450.68999999999994,1,2,2,5,At Risk
2779.0,Lea,Teder,lea.teder@mail.ee,Pärnu,2024-07-31,212,3,898.75,2,3,3,8,Potential
2780.0,Kati,Tamm,kati.tamm@yahoo.com,Tallinn,2023-07-21,588,2,358.16,1,2,2,5,At Risk
2781.0,Henri,Roots,henri.roots@gmail.com,Tallinn,2024-08-29,183,4,826.72,3,4,3,10,Loyal
2782.0,Hille,Mägi,hille.magi@gmail.com,Tallinn,2024-12-22,68,2,324.03,4,2,1,7,Potential
2784.0,Mart,Pihl,,Tallinn,2024-06-01,272,2,802.1600000000001,2,2,3,7,Potential
2785.0,Grete,Tamm,grete.tamm@telia.ee,Tallinn,2024-12-25,65,2,1247.44,4,2,4,10,Loyal
2787.0,Terje,Lõhmus,terje.lohmus@hot.ee,Paide,2025-01-06,53,3,933.59,5,3,3,11,Loyal
2788.0,Väino,Arro,vaino.arro@telia.ee,Valga,2023-06-16,623,2,1103.48,1,2,4,7,Potential
2789.0,Henri,Järv,henri.jarv@outlook.com,Pärnu,2024-12-16,74,4,846.67,4,4,3,11,Loyal
2791.0,Ene,Saar,ene.saar@telia.ee,Narva,2024-07-21,222,1,593.16,2,1,2,5,At Risk
2792.0,Merike,Mägi,merike.magi@hot.ee,Paide,2024-06-18,255,4,1280.26,2,4,4,10,Loyal
2793.0,Hille,Nõmm,hille.nomm@outlook.com,Tallinn,2025-02-12,16,5,1726.59,5,5,5,15,VIP Champions
2794.0,Ago,Lõoke,,Pärnu,2023-07-06,603,1,531.05,1,1,2,4,At Risk
2795.0,Urmas,Valk,urmas.valk@outlook.com,Tallinn,2024-12-19,71,6,1770.78,4,5,5,14,VIP Champions
2797.0,Siim,Paas,siim.paas@yahoo.com,Tallinn,2024-07-13,230,2,441.73,2,2,2,6,At Risk
2799.0,Aili,Sepp,aili.sepp@yahoo.com,Tallinn,2024-10-03,148,5,1125.27,3,5,4,12,Loyal
2802.0,Kevin,Lõhmus,kevin.lohmus@mail.ee,Tallinn,2024-02-14,380,4,820.46,1,4,3,8,Potential
2803.0,Erkki,Kallas,erkki.kallas@telia.ee,Tallinn,2024-06-03,270,5,1315.27,2,5,4,11,Loyal
2804.0,Tõnu,Nurk,tonu.nurk@hot.ee,Tallinn,2024-12-25,65,3,1813.65,4,3,5,12,Loyal
2805.0,Annika,Must,annika.must@outlook.com,Tallinn,2024-07-22,221,4,1051.13,2,4,4,10,Loyal
2806.0,Kevin,Paas,kevin.paas@outlook.com,Narva,2025-01-11,48,6,1678.4,5,5,5,15,VIP Champions
2807.0,Meelis,Nurk,meelis.nurk@mail.ee,Tartu,2024-06-29,244,3,1204.87,2,3,4,9,Potential
2808.0,Aili,Lõhmus,aili.lohmus@outlook.com,Kuressaare,2025-02-01,27,6,1398.92,5,5,4,14,VIP Champions
2809.0,Madis,Kull,madis.kull@gmail.com,Võru,2025-02-24,4,4,821.24,5,4,3,12,Loyal
2810.0,Meelis,Kuusik,meelis.kuusik@yahoo.com,Pärnu,2024-12-03,87,1,191.48,4,1,1,6,At Risk
2812.0,Marika,Raid,marika.raid@outlook.com,Tallinn,2024-11-14,106,3,1216.02,4,3,4,11,Loyal
2814.0,Arvo,Lepp,arvo.lepp@yahoo.com,Tallinn,2025-01-16,43,1,47.88,5,1,1,7,Potential
2816.0,Mart,Värk,mart.vark@telia.ee,Tallinn,2024-08-08,204,1,145.16,2,1,1,4,At Risk
2817.0,Pille,Tamm,pille.tamm@hot.ee,Haapsalu,2024-11-21,99,2,248.31,4,2,1,7,Potential
2818.0,Terje,Raud,,Tartu,2024-03-08,357,1,342.66,1,1,1,3,Lost
2819.0,Enn,Sild,enn.sild@yahoo.com,Rakvere,2024-11-13,107,4,720.69,4,4,3,11,Loyal
2821.0,Liis,Hurt,liis.hurt@outlook.com,Rakvere,2024-11-30,90,1,106.69,4,1,1,6,At Risk
2822.0,Kadri,Luik,kadri.luik@mail.ee,Pärnu,2024-06-14,259,1,614.61,2,1,2,5,At Risk
2823.0,Väino,Kuusk,vaino.kuusk@telia.ee,Tallinn,2024-09-29,152,7,2402.05,3,5,5,13,VIP Champions
2824.0,Indrek,Sepp,indrek.sepp@gmail.com,Tallinn,2024-11-02,118,2,372.8,4,2,2,8,Potential
2825.0,Aili,Raud,aili.raud@mail.ee,Tallinn,2023-12-21,435,3,443.51,1,3,2,6,At Risk
2826.0,Ants,Lõoke,ants.looke@mail.ee,Tartu,2024-12-12,78,7,2788.1800000000003,4,5,5,14,VIP Champions
2827.0,Tõnu,Lepp,tonu.lepp@telia.ee,Tartu,2025-02-01,27,6,1235.1200000000001,5,5,4,14,VIP Champions
2828.0,Elis,Liiv,elis.liiv@gmail.com,Narva,2023-12-08,448,2,588.1800000000001,1,2,2,5,At Risk
2829.0,Nele,Orav,nele.orav@outlook.com,Tartu,2024-11-21,99,1,254.85,4,1,1,6,At Risk
2831.0,Rain,Oja,rain.oja@hot.ee,Tallinn,2024-07-13,230,3,2045.54,2,3,5,10,Loyal
2832.0,Merike,Laas,merike.laas@yahoo.com,Tartu,2025-01-08,51,2,2625.52,5,2,5,12,Loyal
2833.0,Kadri,Tammik,kadri.tammik@gmail.com,Viljandi,2024-11-22,98,3,522.51,4,3,2,9,Potential
2834.0,Riina,Järv,riina.jarv@telia.ee,Narva,2024-04-07,327,1,594.87,1,1,2,4,At Risk
2835.0,Ene,Lepp,ene.lepp@hot.ee,Tallinn,2024-04-12,322,4,1057.8999999999999,2,4,4,10,Loyal
2836.0,Liis,Liiv,liis.liiv@yahoo.com,Tallinn,2024-12-25,65,6,1070.03,4,5,4,13,VIP Champions
2837.0,Laura,Pihl,laura.pihl@yahoo.com,Tallinn,2025-01-16,43,1,104.85,5,1,1,7,Potential
2839.0,Rasmus,Kallas,rasmus.kallas@yahoo.com,Pärnu,2024-06-26,247,3,1338.96,2,3,4,9,Potential
2841.0,Sirje,Lepik,sirje.lepik@telia.ee,Tartu,2024-10-07,144,5,1074.1,3,5,4,12,Loyal
2842.0,Kristjan,Mets,kristjan.mets@mail.ee,Tartu,2025-01-08,51,3,754.9,5,3,3,11,Loyal
2843.0,Kati,Kaalep,,Tartu,2024-05-17,287,2,973.3499999999999,2,2,4,8,Potential
2844.0,Anna,Mets,anna.mets@gmail.com,Tallinn,2024-05-02,302,4,2211.84,2,4,5,11,Loyal
2845.0,Kevin,Lass,,Võru,2025-02-04,24,2,1033.6200000000001,5,2,4,11,Loyal
2846.0,Ants,Org,ants.org@outlook.com,Tallinn,2024-10-27,124,3,1211.7,3,3,4,10,Loyal
2847.0,Margus,Vaher,margus.vaher@mail.ee,Tartu,2024-10-25,126,1,176.65,3,1,1,5,At Risk
2848.0,Kaido,Teder,kaido.teder@telia.ee,Rakvere,2024-09-14,167,3,975.5899999999999,3,3,4,10,Loyal
2849.0,Kersti,Põld,,Pärnu,2024-11-27,93,7,2748.1,4,5,5,14,VIP Champions
2850.0,Madis,Hurt,madis.hurt@telia.ee,Narva,2024-12-14,76,4,1471.6599999999999,4,4,5,13,VIP Champions
2851.0,Ene,Kull,ene.kull@gmail.com,Võru,2024-04-23,311,2,168.08,2,2,1,5,At Risk
2852.0,Marko,Paju,marko.paju@gmail.com,Tallinn,2024-12-12,78,4,926.1,4,4,3,11,Loyal
2853.0,Taavi,Pihl,taavi.pihl2@yahoo.com,Tartu,2025-01-30,29,1,654.14,5,1,3,9,Potential
2854.0,Olev,Saar,olev.saar@gmail.com,Tartu,2024-06-20,253,4,1084.91,2,4,4,10,Loyal
2855.0,Merle,Järv,merle.jarv@outlook.com,Tartu,2024-01-29,396,3,759.37,1,3,3,7,Potential
2856.0,Kristjan,Liiv,kristjan.liiv@telia.ee,Tallinn,2024-10-31,120,1,182.77,3,1,1,5,At Risk
2859.0,Maie,Saar,maie.saar@gmail.com,Tartu,2024-08-03,209,1,184.07,2,1,1,4,At Risk
2860.0,Margus,Kukk,,Tallinn,2024-09-26,155,4,695.9200000000001,3,4,3,10,Loyal
2861.0,Raivo,Koppel,raivo.koppel@gmail.com,Tallinn,2025-02-11,17,1,104.27,5,1,1,7,Potential
2862.0,Jüri,Lõhmus,,Tallinn,2024-11-28,92,2,1103.13,4,2,4,10,Loyal
2863.0,Maris,Paas,maris.paas@telia.ee,Võru,2024-12-29,61,7,2557.4300000000003,4,5,5,14,VIP Champions
2864.0,Kristiina,Toom,kristiina.toom@telia.ee,Tartu,2024-01-31,394,2,629.84,1,2,2,5,At Risk
2865.0,Arvo,Järv,arvo.jarv@hot.ee,Tallinn,2024-11-29,91,4,984.33,4,4,4,12,Loyal
2867.0,Mihkel,Kallas,,Tallinn,2024-07-01,242,3,765.1899999999999,2,3,3,8,Potential
2869.0,Maris,Kaalep,maris.kaalep@hot.ee,Pärnu,2024-07-28,215,4,1547.46,2,4,5,11,Loyal
2870.0,Kevin,Tammik,kevin.tammik@outlook.com,Tallinn,2024-09-16,165,2,870.82,3,2,3,8,Potential
2871.0,Külli,Mitt,,Jõhvi,2024-10-14,137,5,887.86,3,5,3,11,Loyal
2872.0,Kadri,Vaher,kadri.vaher@mail.ee,Tallinn,2024-12-26,64,4,1225.8,4,4,4,12,Loyal
2874.0,Annika,Valk,annika.valk@yahoo.com,Paide,2024-07-08,235,5,4091.6,2,5,5,12,Loyal
2875.0,Kadri,Tammik,kadri.tammik2@gmail.com,Tallinn,2024-10-01,150,2,774.34,3,2,3,8,Potential
2876.0,Sandra,Veski,sandra.veski@mail.ee,Tallinn,2024-04-13,321,2,738.96,2,2,3,7,Potential
2878.0,Ago,Oja,ago.oja@outlook.com,Kuressaare,2024-12-01,89,2,286.20000000000005,4,2,1,7,Potential
2879.0,Madis,Kask,madis.kask@outlook.com,Tallinn,2025-01-25,34,1,756.3,5,1,3,9,Potential
2880.0,Madis,Pärn,madis.parn@yahoo.com,Tallinn,2024-09-09,172,2,714.62,3,2,3,8,Potential
2881.0,Maie,Veski,maie.veski@telia.ee,Tartu,2024-09-26,155,3,579.91,3,3,2,8,Potential
2882.0,Piret,Lass,piret.lass@yahoo.com,Tallinn,2024-12-29,61,4,1615.41,4,4,5,13,VIP Champions
2883.0,Toomas,Mets,toomas.mets@gmail.com,Viljandi,2024-07-27,216,1,486.04,2,1,2,5,At Risk
2884.0,Marko,Raud,,Tallinn,2024-08-12,200,3,491.92,3,3,2,8,Potential
2885.0,Kaido,Arro,kaido.arro@mail.ee,Viljandi,2024-08-12,200,4,1360.6200000000001,3,4,4,11,Loyal
2886.0,Arvo,Vaher,arvo.vaher@telia.ee,Võru,2024-12-05,85,2,196.47,4,2,1,7,Potential
2887.0,Jaak,Rosin,jaak.rosin@mail.ee,Tartu,2024-08-09,203,2,517.66,3,2,2,7,Potential
2888.0,Liina,Kangur,liina.kangur@yahoo.com,Tallinn,2024-09-13,168,3,260.47,3,3,1,7,Potential
2889.0,Laura,Tammik,laura.tammik@yahoo.com,Pärnu,2026-04-14,-410,71,24172.58,5,5,5,15,VIP Champions
2890.0,Kristiina,Veski,kristiina.veski@mail.ee,Tallinn,2024-10-14,137,2,382.02000000000004,3,2,2,7,Potential
2891.0,Taavi,Oja,taavi.oja@telia.ee,Tartu,2024-04-06,328,4,539.24,1,4,2,7,Potential
2892.0,Marit,Värk,marit.vark@gmail.com,Paide,2024-08-28,184,2,238.35000000000002,3,2,1,6,At Risk
2893.0,Madis,Lass,madis.lass2@telia.ee,Tartu,2024-08-26,186,3,1168.29,3,3,4,10,Loyal
2894.0,Ragnar,Orav,ragnar.orav@yahoo.com,Tallinn,2023-09-26,521,1,1106.01,1,1,4,6,At Risk
2895.0,Pille,Lõoke,pille.looke@outlook.com,Tallinn,2024-04-13,321,2,392.32000000000005,2,2,2,6,At Risk
2897.0,Sigrid,Arro,sigrid.arro@gmail.com,Jõhvi,2025-01-04,55,1,42.64,5,1,1,7,Potential
2898.0,Jaak,Talvik,jaak.talvik@gmail.com,Tartu,2024-05-12,292,2,852.45,2,2,3,7,Potential
2899.0,Terje,Pihl,,Tartu,2025-02-21,7,5,1618.1000000000001,5,5,5,15,VIP Champions
2900.0,Liis,Sepp,,Haapsalu,2025-02-07,21,1,261.46,5,1,1,7,Potential
2901.0,Meelis,Laas,,Tallinn,2024-06-13,260,6,1191.3799999999999,2,5,4,11,Loyal
2902.0,Hille,Kallas,hille.kallas@mail.ee,Tallinn,2024-09-29,152,1,605.72,3,1,2,6,At Risk
2905.0,Sandra,Raud,sandra.raud@outlook.com,Tartu,2024-08-13,199,4,748.68,3,4,3,10,Loyal
2906.0,Ragnar,Lepik,ragnar.lepik@hot.ee,Tartu,2025-02-22,6,4,815.77,5,4,3,12,Loyal
2907.0,Annika,Kõiv,annika.koiv@outlook.com,Narva,2024-09-23,158,1,279.43,3,1,1,5,At Risk
2908.0,Toomas,Paas,toomas.paas@outlook.com,Pärnu,2025-02-22,6,2,438.38,5,2,2,9,Potential
2909.0,Aili,Kuusik,aili.kuusik@telia.ee,Rakvere,2025-02-08,20,4,1355.17,5,4,4,13,VIP Champions
2910.0,Tarmo,Vaher,tarmo.vaher2@outlook.com,Tallinn,2024-10-27,124,4,1179.22,3,4,4,11,Loyal
2911.0,Liina,Lill,liina.lill@gmail.com,Tallinn,2024-10-30,121,5,1680.19,3,5,5,13,VIP Champions
2912.0,Raivo,Lõoke,raivo.looke@telia.ee,Tartu,2023-10-02,515,2,484.12,1,2,2,5,At Risk
2913.0,Aili,Hurt,aili.hurt@yahoo.com,Tallinn,2025-01-22,37,11,3655.6,5,5,5,15,VIP Champions
2914.0,Rein,Luik,,Tallinn,2025-02-11,17,3,1141.25,5,3,4,12,Loyal
2915.0,Tõnu,Saar,tonu.saar2@mail.ee,Tallinn,2024-10-25,126,3,1001.56,3,3,4,10,Loyal
2916.0,Marika,Aas,marika.aas@mail.ee,Tallinn,2023-03-24,707,1,221.42,1,1,1,3,Lost
2917.0,Ago,Kukk,ago.kukk@hot.ee,Tallinn,2025-02-10,18,4,1507.59,5,4,5,14,VIP Champions
2920.0,Merle,Lepik,merle.lepik@hot.ee,Tartu,2024-07-27,216,1,130.02,2,1,1,4,At Risk
2922.0,Reet,Laas,reet.laas2@gmail.com,Haapsalu,2024-03-02,363,1,884.76,1,1,3,5,At Risk
2924.0,Margus,Veski,margus.veski@hot.ee,Tallinn,2024-06-24,249,4,1070.68,2,4,4,10,Loyal
2926.0,Maie,Lõhmus,maie.lohmus@outlook.com,Viljandi,2024-07-21,222,3,530.4000000000001,2,3,2,7,Potential
2927.0,Rasmus,Männik,rasmus.mannik2@gmail.com,Tallinn,2024-08-28,184,3,478.03,3,3,2,8,Potential
2928.0,Jüri,Vaher,juri.vaher@yahoo.com,Kuressaare,2024-07-20,223,3,1074.57,2,3,4,9,Potential
2929.0,Kadri,Pihl,kadri.pihl@gmail.com,Tallinn,2025-02-07,21,3,324.40000000000003,5,3,1,9,Potential
2930.0,Priit,Kull,priit.kull@gmail.com,Tallinn,2023-08-30,548,2,403.77,1,2,2,5,At Risk
2931.0,Meelis,Kask,meelis.kask@mail.ee,Tartu,2024-11-20,100,5,1432.55,4,5,5,14,VIP Champions
2932.0,Karin,Kaalep,,Tallinn,2024-12-18,72,4,1613.45,4,4,5,13,VIP Champions
2933.0,Indrek,Lepik,indrek.lepik@outlook.com,Narva,2025-01-14,45,4,331.07,5,4,1,10,Loyal
2935.0,Margus,Vaher,margus.vaher2@mail.ee,Narva,2024-08-21,191,1,665.1,3,1,3,7,Potential
2936.0,Aili,Teder,aili.teder@hot.ee,Tallinn,2024-06-24,249,1,560.31,2,1,2,5,At Risk
2937.0,Kersti,Puusepp,kersti.puusepp@gmail.com,Tallinn,2023-10-08,509,3,1045.73,1,3,4,8,Potential
2938.0,Liina,Kukk,liina.kukk@gmail.com,Rakvere,2024-04-30,304,4,887.6,2,4,3,9,Potential
2939.0,Anna,Rosin,anna.rosin@mail.ee,Kuressaare,2024-10-01,150,2,985.14,3,2,4,9,Potential
2940.0,Rain,Rebane,rain.rebane@hot.ee,Pärnu,2024-11-19,101,2,205.14,4,2,1,7,Potential
2941.0,Hille,Lepik,hille.lepik@mail.ee,Pärnu,2024-10-27,124,7,1834.43,3,5,5,13,VIP Champions
2942.0,Laura,Oja,laura.oja@hot.ee,Haapsalu,2024-09-07,174,5,1013.22,3,5,4,12,Loyal
2943.0,Marit,Tammik,marit.tammik@outlook.com,Jõhvi,2024-10-01,150,4,782.71,3,4,3,10,Loyal
2944.0,Merle,Kivi,merle.kivi@yahoo.com,Pärnu,2025-01-05,54,2,989.18,5,2,4,11,Loyal
2946.0,Annika,Toom,,Võru,2025-02-12,16,5,1366.3500000000001,5,5,4,14,VIP Champions
2948.0,Priit,Teder,,Narva,2024-04-30,304,3,570.93,2,3,2,7,Potential
2949.0,Sandra,Lõoke,sandra.looke@gmail.com,Tartu,2024-12-11,79,7,2421.0499999999997,4,5,5,14,VIP Champions
2950.0,Aili,Mets,aili.mets@telia.ee,Tallinn,2024-02-12,382,1,410.0,1,1,2,4,At Risk
2951.0,Lea,Mets,,Rakvere,2025-01-22,37,4,1474.67,5,4,5,14,VIP Champions
2952.0,Sandra,Sild,sandra.sild@yahoo.com,Valga,2024-09-20,161,7,2632.69,3,5,5,13,VIP Champions
2954.0,Kersti,Lõoke,,Tallinn,2025-01-30,29,4,2431.92,5,4,5,14,VIP Champions
2955.0,Tiina,Laas,tiina.laas@hot.ee,Tallinn,2025-01-24,35,13,5417.71,5,5,5,15,VIP Champions
2956.0,Kristi,Kuusik,kristi.kuusik@gmail.com,Tallinn,2025-02-23,5,5,2317.91,5,5,5,15,VIP Champions
2957.0,Peeter,Raud,peeter.raud@gmail.com,Tallinn,2024-02-18,376,3,973.53,1,3,4,8,Potential
2960.0,Maie,Paju,maie.paju@telia.ee,Pärnu,2024-06-07,266,2,248.67000000000002,2,2,1,5,At Risk
2961.0,Siim,Männik,siim.mannik@yahoo.com,Tallinn,2025-02-24,4,6,4419.27,5,5,5,15,VIP Champions
2962.0,Rain,Raid,rain.raid@gmail.com,Narva,2024-06-18,255,1,158.94,2,1,1,4,At Risk
2963.0,Urmas,Kuusk,urmas.kuusk@mail.ee,Kuressaare,2025-02-13,15,5,737.71,5,5,3,13,VIP Champions
2964.0,Hille,Lill,hille.lill@outlook.com,Tallinn,2024-12-01,89,1,388.92,4,1,2,7,Potential
2966.0,Anu,Liiv,anu.liiv@mail.ee,Tallinn,2024-12-07,83,3,474.64,4,3,2,9,Potential
2968.0,Tarmo,Toom,tarmo.toom@telia.ee,Rakvere,2024-07-24,219,3,859.1200000000001,2,3,3,8,Potential
2969.0,Liina,Kõiv,liina.koiv@outlook.com,Tartu,2023-07-26,583,2,1495.79,1,2,5,8,Potential
2971.0,Tarmo,Kallas,tarmo.kallas@telia.ee,Viljandi,2024-07-13,230,3,683.38,2,3,3,8,Potential
2972.0,Pille,Rand,pille.rand@outlook.com,Tartu,2023-12-23,433,5,737.1800000000001,1,5,3,9,Potential
2973.0,Karin,Paas,karin.paas@telia.ee,Valga,2023-12-25,431,4,1096.84,1,4,4,9,Potential
2974.0,Liis,Järv,,Tallinn,2024-05-08,296,1,272.6,2,1,1,4,At Risk
2975.0,Mihkel,Kallas,mihkel.kallas2@outlook.com,Haapsalu,2024-02-14,380,2,630.5699999999999,1,2,2,5,At Risk
2976.0,Arvo,Lepik,arvo.lepik@telia.ee,Viljandi,2024-01-28,397,3,1458.65,1,3,5,9,Potential
2977.0,Rasmus,Rebane,rasmus.rebane@mail.ee,Tallinn,2024-10-20,131,4,2348.3599999999997,3,4,5,12,Loyal
2978.0,Anu,Sild,anu.sild2@yahoo.com,Rakvere,2024-06-23,250,5,2306.84,2,5,5,12,Loyal
2979.0,Kevin,Aas,kevin.aas@gmail.com,Valga,2024-10-24,127,3,929.3100000000001,3,3,3,9,Potential
2980.0,Tarmo,Kask,tarmo.kask@telia.ee,Tallinn,2025-02-11,17,6,1640.12,5,5,5,15,VIP Champions
2981.0,Sandra,Lepik,sandra.lepik@outlook.com,Tallinn,2024-10-04,147,2,157.42000000000002,3,2,1,6,At Risk
2983.0,Liis,Kuusik,liis.kuusik@hot.ee,Tallinn,2023-06-19,620,3,556.95,1,3,2,6,At Risk
2984.0,Sirje,Sepp,,Tallinn,2025-02-17,11,5,853.25,5,5,3,13,VIP Champions
2986.0,Henri,Pärn,henri.parn@mail.ee,Tallinn,2023-10-08,509,2,1030.51,1,2,4,7,Potential
2987.0,Ene,Paju,ene.paju@hot.ee,Valga,2025-02-17,11,4,792.25,5,4,3,12,Loyal
2988.0,Priit,Veski,,Tartu,2024-01-07,418,1,360.28,1,1,2,4,At Risk
2989.0,Tiit,Järv,,Pärnu,2024-06-12,261,5,2035.4599999999998,2,5,5,12,Loyal
2990.0,Henri,Pärn,henri.parn@hot.ee,Tallinn,2023-11-30,456,2,473.52,1,2,2,5,At Risk
2991.0,Ene,Liiv,,Valga,2024-08-01,211,2,1165.86,2,2,4,8,Potential
2993.0,Kevin,Kull,kevin.kull@gmail.com,Tartu,2024-12-14,76,1,329.99,4,1,1,6,At Risk
2994.0,Merle,Salu,merle.salu@gmail.com,Tallinn,2024-11-26,94,2,1026.64,4,2,4,10,Loyal
2995.0,Mart,Kuusk,mart.kuusk@gmail.com,Tallinn,2024-12-15,75,2,626.36,4,2,2,8,Potential
2996.0,Rain,Nurk,rain.nurk@mail.ee,Tallinn,2024-11-03,117,4,848.0600000000001,4,4,3,11,Loyal
2997.0,Kevin,Org,kevin.org@yahoo.com,Tallinn,2026-01-01,-307,77,23667.93,5,5,5,15,VIP Champions
2999.0,Annika,Teder,annika.teder@outlook.com,Pärnu,2024-12-01,89,3,896.82,4,3,3,10,Loyal
3000.0,Siim,Sepp,siim.sepp@mail.ee,Tallinn,2024-10-02,149,3,748.95,3,3,3,9,Potential
3001.0,Toomas,Lepp,toomas.lepp@yahoo.com,Tallinn,2025-02-21,7,4,2657.02,5,4,5,14,VIP Champions
3002.0,Grete,Org,grete.org@yahoo.com,Pärnu,2023-08-21,557,1,659.49,1,1,3,5,At Risk
3003.0,Ants,Paas,ants.paas@telia.ee,Tallinn,2024-12-03,87,5,1210.3600000000001,4,5,4,13,VIP Champions
3004.0,Peeter,Puusepp,peeter.puusepp@gmail.com,Tartu,2024-09-23,158,1,583.44,3,1,2,6,At Risk
3006.0,Katrin,Arro,katrin.arro@outlook.com,Tartu,2024-05-20,284,1,331.59,2,1,1,4,At Risk
3007.0,Riina,Mägi,riina.magi@hot.ee,Tallinn,2024-04-12,322,1,47.36,2,1,1,4,At Risk
3008.0,Lea,Lill,lea.lill@outlook.com,Tartu,2023-02-16,743,1,1053.99,1,1,4,6,At Risk
3009.0,Katrin,Kull,,Tallinn,2024-08-07,205,3,894.12,2,3,3,8,Potential
3010.0,Sigrid,Tamm,sigrid.tamm@gmail.com,Tallinn,2024-12-20,70,5,1860.23,4,5,5,14,VIP Champions
3011.0,Ene,Rosin,ene.rosin@hot.ee,Pärnu,2024-08-03,209,4,698.89,2,4,3,9,Potential
3012.0,Eha,Kuusk,eha.kuusk@outlook.com,Haapsalu,2024-12-15,75,4,901.24,4,4,3,11,Loyal
3014.0,Reet,Valk,,Paide,2025-02-25,3,3,1449.1399999999999,5,3,5,13,VIP Champions
3015.0,Väino,Pihl,vaino.pihl@yahoo.com,Tallinn,2024-05-05,299,3,1298.75,2,3,4,9,Potential
3017.0,Triin,Veski,triin.veski@mail.ee,Pärnu,2024-04-15,319,1,291.72,2,1,1,4,At Risk
3018.0,Kersti,Kuusk,kersti.kuusk@mail.ee,Kuressaare,2024-05-16,288,3,1289.71,2,3,4,9,Potential
3019.0,Erkki,Järv,erkki.jarv@gmail.com,Tartu,2024-08-06,206,4,1756.05,2,4,5,11,Loyal
3020.0,Maris,Kuusik,maris.kuusik2@telia.ee,Tartu,2025-02-10,18,3,944.1999999999999,5,3,3,11,Loyal
3021.0,Tarmo,Saar,tarmo.saar@outlook.com,Paide,2024-08-14,198,1,147.58,3,1,1,5,At Risk
3022.0,Jaak,Ilves,jaak.ilves@telia.ee,Tallinn,2024-07-01,242,2,951.1500000000001,2,2,3,7,Potential
3023.0,Pille,Aas,pille.aas@yahoo.com,Haapsalu,2024-04-12,322,3,729.79,2,3,3,8,Potential
3024.0,Rein,Tammik,rein.tammik@mail.ee,Pärnu,2024-08-14,198,1,1482.9,3,1,5,9,Potential
3025.0,Aili,Paas,aili.paas@mail.ee,Pärnu,2025-02-10,18,5,1696.74,5,5,5,15,VIP Champions
3026.0,Kersti,Kaalep,kersti.kaalep@outlook.com,Valga,2024-08-28,184,4,972.7500000000001,3,4,4,11,Loyal
3027.0,Sander,Mägi,sander.magi@outlook.com,Paide,2024-12-06,84,1,420.72,4,1,2,7,Potential
3028.0,Sander,Vaher,sander.vaher@yahoo.com,Tallinn,2024-06-17,256,2,122.81,2,2,1,5,At Risk
3030.0,Pille,Tammik,pille.tammik@gmail.com,Tallinn,2024-11-02,118,2,1153.6499999999999,4,2,4,10,Loyal
3032.0,Urmas,Tammik,urmas.tammik@gmail.com,Kuressaare,2023-03-09,722,1,205.89,1,1,1,3,Lost
3033.0,Anna,Järv,anna.jarv@outlook.com,Tartu,2024-10-26,125,5,1177.32,3,5,4,12,Loyal
3034.0,Sigrid,Puusepp,sigrid.puusepp@mail.ee,Tallinn,2024-10-24,127,5,1779.09,3,5,5,13,VIP Champions
3035.0,Grete,Tamm,,Haapsalu,2025-02-26,2,6,3185.2,5,5,5,15,VIP Champions
3036.0,Jaak,Veski,,Valga,2025-02-13,15,3,471.63,5,3,2,10,Loyal
3038.0,Kristi,Must,kristi.must@outlook.com,Tartu,2024-08-12,200,4,437.58,3,4,2,9,Potential
3039.0,Marika,Kask,marika.kask@mail.ee,Viljandi,2025-02-12,16,1,77.78,5,1,1,7,Potential
3041.0,Urmas,Raid,urmas.raid@yahoo.com,Tartu,2024-06-18,255,7,1750.51,2,5,5,12,Loyal
3043.0,Hille,Raid,hille.raid@mail.ee,Pärnu,2024-12-22,68,3,661.73,4,3,3,10,Loyal
3044.0,Marit,Pihl,marit.pihl@telia.ee,Tallinn,2024-05-04,300,5,1564.31,2,5,5,12,Loyal
3045.0,Indrek,Rand,indrek.rand@mail.ee,Valga,2025-12-04,-279,4,910.96,5,4,3,12,Loyal
3046.0,Meelis,Põld,meelis.pold2@hot.ee,Rakvere,2024-12-19,71,6,2380.65,4,5,5,14,VIP Champions
3047.0,Meelis,Kuusik,meelis.kuusik@hot.ee,Tartu,2024-08-25,187,3,1122.68,3,3,4,10,Loyal
3048.0,Liina,Org,liina.org@yahoo.com,Pärnu,2024-11-12,108,6,2558.87,4,5,5,14,VIP Champions
3049.0,Grete,Salu,grete.salu@telia.ee,Tallinn,2024-04-26,308,2,852.1700000000001,2,2,3,7,Potential
3050.0,Heli,Hurt,heli.hurt@mail.ee,Tallinn,2025-01-10,49,4,975.28,5,4,4,13,VIP Champions
3051.0,Tõnu,Must,tonu.must@hot.ee,Tallinn,2024-12-13,77,1,47.38,4,1,1,6,At Risk
3052.0,Piret,Talvik,piret.talvik@outlook.com,Tallinn,2025-02-02,26,2,366.04999999999995,5,2,2,9,Potential
3053.0,Terje,Roots,terje.roots@outlook.com,Tartu,2024-08-04,208,4,749.6800000000001,2,4,3,9,Potential
3055.0,Margus,Arro,margus.arro@yahoo.com,Tartu,2025-01-22,37,3,817.76,5,3,3,11,Loyal
3056.0,Nele,Orav,nele.orav@hot.ee,Tallinn,2024-10-21,130,1,536.3,3,1,2,6,At Risk
3057.0,Priit,Lõoke,priit.looke@mail.ee,Pärnu,2024-10-02,149,7,2860.92,3,5,5,13,VIP Champions
3058.0,Triin,Kaalep,,Tallinn,2024-03-25,340,3,1758.18,1,3,5,9,Potential
3059.0,Jaak,Tammik,jaak.tammik@mail.ee,Tallinn,2025-02-23,5,1,51.58,5,1,1,7,Potential
3061.0,Ülle,Paju,ulle.paju@hot.ee,Rakvere,2025-01-30,29,2,369.31000000000006,5,2,2,9,Potential
3062.0,Ragnar,Kuusik,ragnar.kuusik@gmail.com,Tartu,2024-10-28,123,5,1181.5900000000001,3,5,4,12,Loyal
3063.0,Ants,Salu,ants.salu@gmail.com,Paide,2024-12-26,64,3,896.46,4,3,3,10,Loyal
3064.0,Urmas,Värk,,Tartu,2024-12-31,59,3,411.44,5,3,2,10,Loyal
3065.0,Andres,Rebane,andres.rebane@mail.ee,Haapsalu,2024-12-23,67,2,562.43,4,2,2,8,Potential
3066.0,Tiit,Põld,tiit.pold@hot.ee,Tallinn,2025-02-06,22,2,1336.1,5,2,4,11,Loyal
3067.0,Heino,Puusepp,heino.puusepp@hot.ee,Tartu,2024-10-31,120,3,821.5899999999999,3,3,3,9,Potential
3068.0,Jüri,Kukk,juri.kukk@mail.ee,Kuressaare,2024-11-16,104,4,718.13,4,4,3,11,Loyal
3069.0,Maie,Aas,maie.aas@outlook.com,Tallinn,2025-01-27,32,5,1339.74,5,5,4,14,VIP Champions
3070.0,Maie,Koppel,maie.koppel@hot.ee,Tallinn,2025-02-01,27,4,807.98,5,4,3,12,Loyal
3071.0,Maris,Toom,,Pärnu,2025-02-22,6,3,1443.91,5,3,5,13,VIP Champions
3072.0,Erkki,Lepik,erkki.lepik@mail.ee,Tallinn,2024-03-06,359,3,1864.32,1,3,5,9,Potential
3073.0,Kristiina,Kuusk,,Tallinn,2024-10-18,133,2,508.98,3,2,2,7,Potential
3074.0,Piret,Roots,piret.roots@mail.ee,Tartu,2024-12-10,80,4,1813.5700000000002,4,4,5,13,VIP Champions
3075.0,Triin,Toom,,Tallinn,2025-02-17,11,1,145.16,5,1,1,7,Potential
3076.0,Jüri,Kuusk,juri.kuusk@mail.ee,Narva,2024-12-27,63,5,1837.7999999999997,4,5,5,14,VIP Champions
3077.0,Kadri,Sild,kadri.sild@outlook.com,Narva,2025-01-06,53,5,1516.87,5,5,5,15,VIP Champions
3079.0,Jüri,Talvik,,Tallinn,2024-11-13,107,1,200.77,4,1,1,6,At Risk
3080.0,Marika,Paas,marika.paas@yahoo.com,Valga,2024-01-29,396,3,799.3499999999999,1,3,3,7,Potential
3081.0,Kristiina,Oja,kristiina.oja@hot.ee,Tallinn,2024-08-10,202,6,910.91,3,5,3,11,Loyal
3082.0,Sander,Kangur,sander.kangur@outlook.com,Tartu,2024-07-17,226,3,1497.6399999999999,2,3,5,10,Loyal
3083.0,Liis,Männik,liis.mannik@gmail.com,Tallinn,2024-09-02,179,3,728.9,3,3,3,9,Potential
3084.0,Margus,Paas,,Haapsalu,2024-07-28,215,2,922.02,2,2,3,7,Potential
3085.0,Liina,Tamm,liina.tamm@hot.ee,Tallinn,2023-12-16,440,5,1178.58,1,5,4,10,Loyal
3089.0,Kersti,Raid,kersti.raid@yahoo.com,Tallinn,2024-05-30,274,1,160.21,2,1,1,4,At Risk
3090.0,Raivo,Kuusk,raivo.kuusk@telia.ee,Tallinn,2024-08-12,200,2,332.69,3,2,1,6,At Risk
3091.0,Marika,Kuusik,,Jõhvi,2025-02-18,10,1,209.7,5,1,1,7,Potential
3093.0,Nele,Kask,nele.kask@outlook.com,Narva,2023-05-13,657,1,153.62,1,1,1,3,Lost
3094.0,Reet,Lõhmus,reet.lohmus@hot.ee,Tallinn,2023-12-16,440,2,844.0799999999999,1,2,3,6,At Risk
3095.0,Terje,Nurk,,Tartu,2024-12-23,67,2,534.54,4,2,2,8,Potential
3096.0,Karin,Rand,karin.rand@outlook.com,Valga,2024-10-29,122,5,1557.57,3,5,5,13,VIP Champions
3098.0,Ragnar,Tamm,ragnar.tamm@telia.ee,Jõhvi,2024-12-30,60,2,889.5600000000001,4,2,3,9,Potential
3099.0,Jüri,Kõiv,juri.koiv@telia.ee,Tartu,2024-03-08,357,4,829.18,1,4,3,8,Potential
3100.0,Kaido,Mitt,kaido.mitt@hot.ee,Tallinn,2023-10-15,502,2,364.24,1,2,2,5,At Risk
3101.0,Jüri,Liiv,juri.liiv@yahoo.com,Kuressaare,2024-12-21,69,1,332.54,4,1,1,6,At Risk
3103.0,Merle,Põld,merle.pold@mail.ee,Tartu,2024-08-17,195,7,1606.22,3,5,5,13,VIP Champions
3106.0,Margus,Veski,margus.veski@outlook.com,Tallinn,2024-04-11,323,3,680.26,2,3,3,8,Potential
3107.0,Laura,Mets,laura.mets@hot.ee,Jõhvi,2024-05-13,291,3,1468.1799999999998,2,3,5,10,Loyal
3108.0,Piret,Kaalep,piret.kaalep@yahoo.com,Tartu,2024-09-26,155,5,878.8199999999999,3,5,3,11,Loyal
3109.0,Ülle,Lass,ulle.lass@yahoo.com,Tallinn,2024-08-31,181,3,699.16,3,3,3,9,Potential
3110.0,Aivar,Raud,aivar.raud@gmail.com,Tallinn,2024-04-29,305,4,677.78,2,4,3,9,Potential
3111.0,Aivar,Rosin,aivar.rosin@yahoo.com,Viljandi,2024-10-03,148,4,1033.76,3,4,4,11,Loyal
3112.0,Ragnar,Raid,ragnar.raid@outlook.com,Tallinn,2024-12-01,89,6,1905.14,4,5,5,14,VIP Champions
3113.0,Merle,Saar,merle.saar@yahoo.com,Kuressaare,2024-08-03,209,2,664.51,2,2,3,7,Potential
3114.0,Maris,Orav,maris.orav@outlook.com,Narva,2024-01-26,399,3,879.0799999999999,1,3,3,7,Potential
3115.0,Ülle,Org,ulle.org@gmail.com,Tartu,2024-08-28,184,2,894.25,3,2,3,8,Potential
3116.0,Tõnu,Paju,tonu.paju@mail.ee,Tallinn,2024-07-02,241,1,756.99,2,1,3,6,At Risk
3118.0,Siim,Toom,siim.toom@hot.ee,Narva,2024-12-21,69,6,1947.42,4,5,5,14,VIP Champions
3119.0,Kristjan,Ilves,kristjan.ilves@yahoo.com,Viljandi,2024-08-15,197,7,2317.38,3,5,5,13,VIP Champions
3120.0,Külli,Kallas,kulli.kallas@mail.ee,Pärnu,2025-02-14,14,1,116.1,5,1,1,7,Potential
3121.0,Triin,Kuusik,triin.kuusik@yahoo.com,Pärnu,2023-05-29,641,1,210.18,1,1,1,3,Lost
3122.0,Rain,Lõhmus,rain.lohmus@yahoo.com,Tallinn,2024-04-18,316,2,963.02,2,2,4,8,Potential
3123.0,Külli,Koppel,kulli.koppel@gmail.com,Võru,2024-08-20,192,4,577.3900000000001,3,4,2,9,Potential
3125.0,Piret,Saar,piret.saar@gmail.com,Tallinn,2025-01-06,53,6,1053.59,5,5,4,14,VIP Champions
3126.0,Ülle,Raud,ulle.raud@yahoo.com,Tallinn,2024-12-02,88,2,381.57,4,2,2,8,Potential
3127.0,Piret,Oja,,Tallinn,2024-06-15,258,5,1939.28,2,5,5,12,Loyal
3128.0,Kristjan,Paas,kristjan.paas@outlook.com,Pärnu,2025-02-07,21,7,1599.6000000000001,5,5,5,15,VIP Champions
3129.0,Kalev,Teder,kalev.teder@gmail.com,Narva,2024-09-07,174,1,101.26,3,1,1,5,At Risk
3130.0,Rasmus,Kull,rasmus.kull@hot.ee,Tartu,2025-12-12,-287,6,715.35,5,5,3,13,VIP Champions
3131.0,Maris,Nurk,maris.nurk@yahoo.com,Tartu,2024-12-22,68,3,679.95,4,3,3,10,Loyal
3132.0,Kadri,Talvik,,Narva,2024-11-05,115,4,1126.1599999999999,4,4,4,12,Loyal
3133.0,Ragnar,Lill,ragnar.lill@mail.ee,Tallinn,2024-01-08,417,6,1212.02,1,5,4,10,Loyal
3134.0,Sandra,Kukk,sandra.kukk@telia.ee,Tallinn,2024-11-25,95,4,696.94,4,4,3,11,Loyal
3135.0,Raivo,Org,raivo.org@yahoo.com,Narva,2024-01-30,395,2,426.44,1,2,2,5,At Risk
3136.0,Meelis,Lass,meelis.lass@gmail.com,Pärnu,2024-03-20,345,5,1938.3200000000002,1,5,5,11,Loyal
3137.0,Aivar,Järv,aivar.jarv@gmail.com,Tallinn,2024-11-30,90,2,888.49,4,2,3,9,Potential
3138.0,Meelis,Tamm,,Pärnu,2024-10-07,144,4,675.25,3,4,3,10,Loyal
3139.0,Reet,Rebane,reet.rebane@yahoo.com,Viljandi,2024-10-22,129,1,138.9,3,1,1,5,At Risk
3140.0,Urmas,Männik,urmas.mannik@telia.ee,Tallinn,2023-09-22,525,2,337.79,1,2,1,4,At Risk
3142.0,Mihkel,Raid,mihkel.raid@telia.ee,Haapsalu,2023-07-16,593,1,276.26,1,1,1,3,Lost
3143.0,Sirje,Aas,sirje.aas@outlook.com,Pärnu,2025-01-16,43,2,184.81,5,2,1,8,Potential
3144.0,Väino,Kallas,vaino.kallas@outlook.com,Tartu,2025-01-31,28,2,532.12,5,2,2,9,Potential
3145.0,Madis,Raid,madis.raid@mail.ee,Jõhvi,2023-04-07,693,1,737.94,1,1,3,5,At Risk
3146.0,Raivo,Kõiv,raivo.koiv@mail.ee,Tallinn,2024-11-03,117,5,1485.01,4,5,5,14,VIP Champions
3147.0,Lea,Mets,,Tartu,2023-11-10,476,2,354.71000000000004,1,2,2,5,At Risk
3150.0,Aili,Vaher,,Viljandi,2025-01-07,52,2,967.83,5,2,4,11,Loyal
3151.0,Tiina,Must,tiina.must@hot.ee,Rakvere,2025-02-22,6,3,1082.3000000000002,5,3,4,12,Loyal
3152.0,Toomas,Saar,toomas.saar@telia.ee,Tartu,2023-12-20,436,3,967.29,1,3,4,8,Potential
3153.0,Madis,Männik,madis.mannik@yahoo.com,Viljandi,2025-02-10,18,3,698.22,5,3,3,11,Loyal
3154.0,Külli,Kivi,kulli.kivi@yahoo.com,Kuressaare,2024-12-02,88,5,994.21,4,5,4,13,VIP Champions
3156.0,Taavi,Hurt,taavi.hurt@gmail.com,Tartu,2024-09-17,164,1,377.82,3,1,2,6,At Risk
3158.0,Henri,Veski,henri.veski@gmail.com,Tallinn,2024-11-21,99,2,481.90999999999997,4,2,2,8,Potential
3159.0,Ene,Tamm,ene.tamm@telia.ee,Tallinn,2025-01-10,49,5,578.7,5,5,2,12,Loyal
3160.0,Annika,Lepp,annika.lepp@gmail.com,Tartu,2024-06-16,257,4,1472.5900000000001,2,4,5,11,Loyal
3161.0,Ülle,Koppel,ulle.koppel@hot.ee,Pärnu,2024-06-14,259,2,410.38,2,2,2,6,At Risk
3163.0,Maie,Mitt,maie.mitt@telia.ee,Tallinn,2025-02-08,20,5,1752.62,5,5,5,15,VIP Champions
3164.0,Kati,Org,kati.org@yahoo.com,Rakvere,2024-06-14,259,4,1437.18,2,4,5,11,Loyal
3165.0,Rasmus,Arro,rasmus.arro@outlook.com,Tallinn,2024-11-27,93,6,2108.35,4,5,5,14,VIP Champions
3166.0,Terje,Lill,,Narva,2024-08-22,190,6,2859.4500000000003,3,5,5,13,VIP Champions
3167.0,Ago,Kõiv,ago.koiv@gmail.com,Tallinn,2025-02-17,11,2,297.86,5,2,1,8,Potential
3168.0,Merike,Lass,merike.lass@yahoo.com,Pärnu,2024-10-12,139,1,70.01,3,1,1,5,At Risk
3169.0,Katrin,Liiv,,Tartu,2024-12-10,80,1,231.13,4,1,1,6,At Risk
3170.0,Eha,Puusepp,eha.puusepp@mail.ee,Tallinn,2023-11-03,483,2,366.60999999999996,1,2,2,5,At Risk
3171.0,Triin,Valk,triin.valk@gmail.com,Rakvere,2024-11-14,106,2,571.41,4,2,2,8,Potential
3172.0,Karin,Paas,karin.paas@mail.ee,Tallinn,2024-08-31,181,3,908.8499999999999,3,3,3,9,Potential
3173.0,Erkki,Mets,erkki.mets@gmail.com,Tartu,2024-08-13,199,1,190.86,3,1,1,5,At Risk
3174.0,Riina,Lepp,riina.lepp2@outlook.com,Tartu,2024-07-19,224,1,138.13,2,1,1,4,At Risk
3177.0,Rasmus,Kallas,rasmus.kallas@mail.ee,Tallinn,2024-07-18,225,4,1028.18,2,4,4,10,Loyal
3178.0,Taavi,Värk,taavi.vark@outlook.com,Narva,2024-11-18,102,2,325.42,4,2,1,7,Potential
3179.0,Aivar,Lill,aivar.lill@mail.ee,Tartu,2024-07-24,219,2,760.46,2,2,3,7,Potential
3180.0,Liis,Lepp,liis.lepp@outlook.com,Tallinn,2024-09-26,155,3,368.2,3,3,2,8,Potential
3182.0,Marko,Lass,marko.lass@mail.ee,Tallinn,2024-09-09,172,4,1167.5400000000002,3,4,4,11,Loyal
3183.0,Meelis,Kaalep,meelis.kaalep@yahoo.com,Tallinn,2024-09-06,175,3,1119.83,3,3,4,10,Loyal
3184.0,Kati,Sepp,kati.sepp@hot.ee,Tartu,2023-10-20,497,2,1490.94,1,2,5,8,Potential
3185.0,Kati,Rebane,kati.rebane@gmail.com,Rakvere,2024-08-28,184,5,1557.54,3,5,5,13,VIP Champions
3186.0,Urmas,Värk,urmas.vark2@outlook.com,Narva,2024-08-24,188,2,898.37,3,2,3,8,Potential
3187.0,Ago,Roots,ago.roots@gmail.com,Tartu,2023-10-07,510,1,218.84,1,1,1,3,Lost
3189.0,Ago,Kuusk,ago.kuusk@yahoo.com,Jõhvi,2025-02-14,14,2,721.5799999999999,5,2,3,10,Loyal
3190.0,Liina,Sepp,,Tallinn,2025-01-24,35,1,402.62,5,1,2,8,Potential
3192.0,Sigrid,Kuusik,sigrid.kuusik@yahoo.com,Kuressaare,2024-08-08,204,3,812.3199999999999,2,3,3,8,Potential
3194.0,Kadri,Mets,kadri.mets@mail.ee,Narva,2025-01-14,45,5,1679.42,5,5,5,15,VIP Champions
3196.0,Nele,Lass,nele.lass@mail.ee,Tartu,2024-07-30,213,2,324.18,2,2,1,5,At Risk
3197.0,Sander,Lill,sander.lill@outlook.com,Tartu,2024-06-12,261,7,1776.78,2,5,5,12,Loyal
3198.0,Hille,Järv,hille.jarv@mail.ee,Pärnu,2024-09-12,169,3,722.29,3,3,3,9,Potential
3199.0,Indrek,Aas,indrek.aas@yahoo.com,Tartu,2025-01-19,40,3,555.75,5,3,2,10,Loyal
3200.0,Olev,Pihl,olev.pihl@hot.ee,Narva,2024-12-15,75,4,1511.45,4,4,5,13,VIP Champions
3201.0,Ago,Kukk,ago.kukk@outlook.com,Tartu,2025-01-02,57,6,2257.99,5,5,5,15,VIP Champions
3202.0,Indrek,Värk,indrek.vark@hot.ee,Tallinn,2024-10-24,127,1,420.72,3,1,2,6,At Risk
3203.0,Raivo,Paju,raivo.paju@telia.ee,Tallinn,2024-03-16,349,3,970.74,1,3,4,8,Potential
3204.0,Urmas,Kangur,urmas.kangur@yahoo.com,Tallinn,2024-12-06,84,4,1300.22,4,4,4,12,Loyal
3205.0,Katrin,Kallas,katrin.kallas@hot.ee,Viljandi,2024-11-05,115,1,276.2,4,1,1,6,At Risk
3206.0,Indrek,Laas,indrek.laas@outlook.com,Tallinn,2024-09-20,161,5,3427.36,3,5,5,13,VIP Champions
3207.0,Kevin,Kangur,kevin.kangur@gmail.com,Tartu,2024-02-23,371,2,265.98,1,2,1,4,At Risk
3208.0,Urmas,Pärn,urmas.parn@telia.ee,Võru,2024-08-30,182,3,473.48,3,3,2,8,Potential
3210.0,Sandra,Org,sandra.org@hot.ee,Pärnu,2024-12-05,85,3,885.42,4,3,3,10,Loyal
3211.0,Anu,Lepp,anu.lepp@hot.ee,Narva,2024-07-20,223,1,434.08,2,1,2,5,At Risk
3212.0,Kadri,Aas,kadri.aas@mail.ee,Tallinn,2024-10-15,136,4,616.85,3,4,2,9,Potential
3213.0,Elis,Kivi,,Tallinn,2024-03-26,339,3,683.8,1,3,3,7,Potential
3214.0,Heli,Lõoke,heli.looke@outlook.com,Pärnu,2024-12-03,87,5,1156.1,4,5,4,13,VIP Champions
3216.0,Marit,Mägi,,Tallinn,2024-08-04,208,1,417.44,2,1,2,5,At Risk
3217.0,Meelis,Männik,meelis.mannik@outlook.com,Tallinn,2024-04-14,320,1,327.07,2,1,1,4,At Risk
3218.0,Eha,Raid,eha.raid@outlook.com,Jõhvi,2025-02-21,7,4,1319.55,5,4,4,13,VIP Champions
3219.0,Kalev,Raud,kalev.raud@telia.ee,Tallinn,2024-04-25,309,1,431.16,2,1,2,5,At Risk
3221.0,Marko,Oja,marko.oja@hot.ee,Tallinn,2024-07-21,222,2,104.35,2,2,1,5,At Risk
3222.0,Olev,Paju,olev.paju@mail.ee,Narva,2024-12-27,63,2,1088.2,4,2,4,10,Loyal
3223.0,Nele,Teder,nele.teder@gmail.com,Pärnu,2024-07-02,241,2,563.99,2,2,2,6,At Risk
3224.0,Hille,Paas,hille.paas@mail.ee,Tartu,2024-04-05,329,1,215.58,1,1,1,3,Lost
3225.0,Maris,Raid,maris.raid@outlook.com,Tartu,2024-10-01,150,3,1064.95,3,3,4,10,Loyal
3226.0,Grete,Koppel,grete.koppel@gmail.com,Tallinn,2025-02-06,22,3,364.41,5,3,2,10,Loyal
3227.0,Rein,Roots,rein.roots@yahoo.com,Viljandi,2025-02-19,9,7,1768.32,5,5,5,15,VIP Champions
3228.0,Liis,Kask,liis.kask@telia.ee,Tallinn,2025-01-18,41,5,2581.17,5,5,5,15,VIP Champions
3229.0,Merike,Sild,,Tallinn,2025-02-28,0,4,793.86,5,4,3,12,Loyal
3230.0,Kersti,Orav,kersti.orav@gmail.com,Tallinn,2024-09-07,174,5,1380.38,3,5,4,12,Loyal
3231.0,Merike,Pihl,,Valga,2024-09-20,161,2,1202.74,3,2,4,9,Potential
3232.0,Merle,Vaher,merle.vaher@telia.ee,Tallinn,2024-11-07,113,6,1311.62,4,5,4,13,VIP Champions
3233.0,Marika,Lepp,marika.lepp@yahoo.com,Tartu,2025-02-24,4,6,1031.4099999999999,5,5,4,14,VIP Champions
3234.0,Aili,Kangur,,Pärnu,2025-02-13,15,4,630.11,5,4,2,11,Loyal
3235.0,Madis,Liiv,madis.liiv2@gmail.com,Pärnu,2024-10-11,140,4,2142.65,3,4,5,12,Loyal
3236.0,Margus,Puusepp,margus.puusepp@yahoo.com,Rakvere,2023-07-28,581,3,373.79,1,3,2,6,At Risk
3237.0,Elis,Tamm,elis.tamm@telia.ee,Pärnu,2024-08-29,183,4,917.83,3,4,3,10,Loyal
3238.0,Hille,Kuusk,,Narva,2024-11-03,117,2,559.08,4,2,2,8,Potential
3239.0,Annika,Lõhmus,annika.lohmus@telia.ee,Tallinn,2024-04-21,313,2,888.68,2,2,3,7,Potential
3240.0,Tõnu,Arro,tonu.arro@yahoo.com,Tallinn,2025-02-26,2,7,2364.86,5,5,5,15,VIP Champions
3241.0,Marko,Tamm,marko.tamm@gmail.com,Paide,2024-09-18,163,3,527.05,3,3,2,8,Potential
3242.0,Sander,Toom,sander.toom@yahoo.com,Pärnu,2025-02-16,12,7,2050.61,5,5,5,15,VIP Champions
3243.0,Riina,Pärn,riina.parn@hot.ee,Pärnu,2024-08-01,211,2,383.87,2,2,2,6,At Risk
3244.0,Ülle,Valk,ulle.valk@telia.ee,Tartu,2023-11-07,479,1,205.89,1,1,1,3,Lost
3246.0,Ene,Kallas,ene.kallas@hot.ee,Jõhvi,2025-12-27,-302,6,1333.93,5,5,4,14,VIP Champions
3247.0,Toomas,Sild,,Tartu,2023-12-01,455,3,1997.6100000000001,1,3,5,9,Potential
3248.0,Külli,Toom,kulli.toom@hot.ee,Tallinn,2023-09-17,530,3,958.16,1,3,3,7,Potential
3249.0,Kristjan,Tamm,kristjan.tamm@mail.ee,Valga,2025-01-31,28,5,1946.02,5,5,5,15,VIP Champions
3250.0,Grete,Raid,grete.raid@gmail.com,Pärnu,2024-07-09,234,2,342.68,2,2,1,5,At Risk
3251.0,Urmas,Kukk,urmas.kukk@yahoo.com,Võru,2025-12-07,-282,4,1611.69,5,4,5,14,VIP Champions
3252.0,Enn,Lõhmus,enn.lohmus@gmail.com,Tartu,2024-12-06,84,4,1597.97,4,4,5,13,VIP Champions
3253.0,Kadri,Koppel,kadri.koppel@telia.ee,Tallinn,2025-01-21,38,3,1159.83,5,3,4,12,Loyal
3254.0,Eha,Järv,eha.jarv@mail.ee,Tallinn,2025-01-24,35,2,579.8,5,2,2,9,Potential
3255.0,Triin,Veski,triin.veski@hot.ee,Tartu,2023-12-13,443,1,106.69,1,1,1,3,Lost
3257.0,Aivar,Kivi,aivar.kivi@hot.ee,Narva,2025-01-14,45,2,405.62,5,2,2,9,Potential
3258.0,Peeter,Lepp,peeter.lepp@hot.ee,Tallinn,2025-01-04,55,5,1258.45,5,5,4,14,VIP Champions
3260.0,Katrin,Kaalep,,Narva,2024-05-27,277,2,411.47,2,2,2,6,At Risk
3261.0,Kristjan,Paas,kristjan.paas@mail.ee,Tartu,2025-01-27,32,3,988.88,5,3,4,12,Loyal
3262.0,Tarmo,Org,tarmo.org@mail.ee,Tallinn,2024-06-06,267,2,1332.42,2,2,4,8,Potential
3263.0,Tõnu,Valk,tonu.valk@yahoo.com,Tallinn,2025-02-20,8,3,1265.96,5,3,4,12,Loyal
3264.0,Meelis,Toom,meelis.toom@gmail.com,Valga,2023-10-19,498,1,163.64,1,1,1,3,Lost
3265.0,Aivar,Kuusik,aivar.kuusik@mail.ee,Tallinn,2024-10-25,126,2,535.47,3,2,2,7,Potential
3266.0,Liina,Kuusk,liina.kuusk@yahoo.com,Tartu,2024-04-10,324,1,706.6,2,1,3,6,At Risk
3267.0,Kaido,Rosin,kaido.rosin@outlook.com,Tallinn,2024-09-14,167,2,617.28,3,2,2,7,Potential
3268.0,Rain,Puusepp,rain.puusepp@mail.ee,Tartu,2024-05-16,288,8,2490.68,2,5,5,12,Loyal
3269.0,Hille,Luik,hille.luik@outlook.com,Pärnu,2025-02-09,19,2,431.53999999999996,5,2,2,9,Potential
3270.0,Mart,Oja,mart.oja@hot.ee,Viljandi,2024-11-02,118,3,1385.83,4,3,4,11,Loyal
3271.0,Aivar,Järv,aivar.jarv@outlook.com,Tartu,2024-03-27,338,3,699.21,1,3,3,7,Potential
3273.0,Maie,Mägi,maie.magi@gmail.com,Tartu,2024-12-28,62,3,1680.9299999999998,4,3,5,12,Loyal
3275.0,Kadri,Männik,kadri.mannik@outlook.com,Tartu,2024-04-01,333,4,2133.3900000000003,1,4,5,10,Loyal
3278.0,Rein,Koppel,rein.koppel@gmail.com,Narva,2023-12-04,452,1,153.4,1,1,1,3,Lost
3279.0,Sandra,Sepp,sandra.sepp@telia.ee,Valga,2026-04-14,-410,4,835.34,5,4,3,12,Loyal
3280.0,Kristjan,Lõhmus,kristjan.lohmus@telia.ee,Jõhvi,2024-11-23,97,6,1766.0,4,5,5,14,VIP Champions
3281.0,Tarmo,Luik,tarmo.luik@hot.ee,Tallinn,2024-08-29,183,1,48.85,3,1,1,5,At Risk
3282.0,Annika,Lill,annika.lill@mail.ee,Paide,2024-12-24,66,3,940.87,4,3,3,10,Loyal
3283.0,Laura,Sild,laura.sild@gmail.com,Valga,2024-11-09,111,5,1025.0900000000001,4,5,4,13,VIP Champions
3284.0,Kristiina,Ilves,kristiina.ilves@mail.ee,Tallinn,2024-11-24,96,3,1005.3299999999999,4,3,4,11,Loyal
3285.0,Rain,Lepik,rain.lepik@outlook.com,Tartu,2025-02-07,21,4,828.2800000000001,5,4,3,12,Loyal
3286.0,Kristi,Kuusk,kristi.kuusk@telia.ee,Jõhvi,2024-12-22,68,2,217.36,4,2,1,7,Potential
3287.0,Tarmo,Kõiv,tarmo.koiv@gmail.com,Tartu,2024-06-10,263,3,1361.59,2,3,4,9,Potential
3288.0,Margus,Luik,margus.luik@mail.ee,Tallinn,2023-12-11,445,2,387.83000000000004,1,2,2,5,At Risk
3289.0,Tiit,Arro,tiit.arro@telia.ee,Pärnu,2024-12-05,85,2,1166.6699999999998,4,2,4,10,Loyal
3290.0,Aivar,Rebane,aivar.rebane@yahoo.com,Tartu,2023-12-26,430,1,495.28,1,1,2,4,At Risk
3291.0,Marko,Tamm,marko.tamm2@gmail.com,Rakvere,2024-05-22,282,4,1196.89,2,4,4,10,Loyal
3292.0,Heli,Lepp,heli.lepp@telia.ee,Pärnu,2024-11-11,109,3,1618.98,4,3,5,12,Loyal
3293.0,Peeter,Veski,peeter.veski@mail.ee,Tartu,2024-12-18,72,3,408.32000000000005,4,3,2,9,Potential
3296.0,Toomas,Laas,toomas.laas@outlook.com,Viljandi,2024-06-19,254,3,988.51,2,3,4,9,Potential
3297.0,Elis,Lõhmus,elis.lohmus@gmail.com,Tartu,2024-04-16,318,5,1414.81,2,5,4,11,Loyal
3298.0,Maris,Mägi,maris.magi@yahoo.com,Tallinn,2024-07-10,233,3,924.58,2,3,3,8,Potential
3299.0,Lauri,Ilves,lauri.ilves@hot.ee,Kuressaare,2023-10-04,513,1,171.33,1,1,1,3,Lost
3300.0,Arvo,Kuusik,arvo.kuusik@yahoo.com,Narva,2025-02-22,6,3,1156.05,5,3,4,12,Loyal
3301.0,Heli,Rosin,heli.rosin@yahoo.com,Tallinn,2025-01-29,30,1,151.08,5,1,1,7,Potential
3302.0,Siim,Toom,siim.toom2@hot.ee,Võru,2025-02-03,25,6,2567.91,5,5,5,15,VIP Champions
3304.0,Arvo,Pihl,arvo.pihl@hot.ee,Tallinn,2025-02-22,6,1,321.42,5,1,1,7,Potential
3305.0,Urmas,Raid,urmas.raid@mail.ee,Narva,2024-07-08,235,7,2502.82,2,5,5,12,Loyal
3306.0,Rein,Teder,rein.teder@yahoo.com,Tallinn,2024-05-11,293,1,260.0,2,1,1,4,At Risk
3308.0,Tarmo,Kaalep,tarmo.kaalep@mail.ee,Tallinn,2023-05-19,651,2,108.18,1,2,1,4,At Risk
3309.0,Merike,Org,merike.org@telia.ee,Kuressaare,2024-07-10,233,4,940.05,2,4,3,9,Potential
3311.0,Väino,Rebane,vaino.rebane@hot.ee,Tartu,2025-01-06,53,3,569.36,5,3,2,10,Loyal
3312.0,Triin,Lill,triin.lill@yahoo.com,Tallinn,2024-05-04,300,5,1043.67,2,5,4,11,Loyal
3313.0,Pille,Talvik,pille.talvik@outlook.com,Tallinn,2024-07-18,225,1,138.9,2,1,1,4,At Risk
3314.0,Tõnu,Kallas,tonu.kallas@outlook.com,Tallinn,2024-12-03,87,3,1241.13,4,3,4,11,Loyal
3315.0,Kaido,Tammik,kaido.tammik@yahoo.com,Haapsalu,2024-04-24,310,2,617.62,2,2,2,6,At Risk
3316.0,Maie,Laas,maie.laas@outlook.com,Tartu,2024-05-21,283,3,685.79,2,3,3,8,Potential
3317.0,Tiit,Mets,tiit.mets@hot.ee,Tallinn,2024-05-18,286,2,315.8,2,2,1,5,At Risk
3319.0,Kalev,Orav,kalev.orav@telia.ee,Tallinn,2024-10-19,132,1,432.36,3,1,2,6,At Risk
3320.0,Madis,Paas,madis.paas@yahoo.com,Tallinn,2024-04-28,306,3,641.6500000000001,2,3,3,8,Potential
3321.0,Tõnu,Paas,tonu.paas@gmail.com,Tallinn,2025-02-02,26,3,1037.3799999999999,5,3,4,12,Loyal
3322.0,Urmas,Lass,urmas.lass@gmail.com,Narva,2024-05-07,297,5,1218.77,2,5,4,11,Loyal
3324.0,Margus,Raud,margus.raud@telia.ee,Narva,2025-02-11,17,2,366.84000000000003,5,2,2,9,Potential
3325.0,Henri,Orav,henri.orav@gmail.com,Tallinn,2024-10-13,138,4,1357.46,3,4,4,11,Loyal
3326.0,Kristjan,Nurk,kristjan.nurk@outlook.com,Viljandi,2024-09-21,160,2,329.28,3,2,1,6,At Risk
3327.0,Karin,Nurk,karin.nurk@mail.ee,Viljandi,2024-09-09,172,4,1452.9,3,4,5,12,Loyal
3328.0,Mihkel,Lõoke,mihkel.looke@gmail.com,Tallinn,2024-09-13,168,2,918.5,3,2,3,8,Potential
3329.0,Kalev,Arro,kalev.arro@outlook.com,Tallinn,2025-01-04,55,4,754.06,5,4,3,12,Loyal
3330.0,Eha,Värk,eha.vark@outlook.com,Viljandi,2024-10-16,135,4,688.28,3,4,3,10,Loyal
3332.0,Kadri,Kuusk,,Rakvere,2025-01-11,48,5,1439.6299999999999,5,5,5,15,VIP Champions
3334.0,Reet,Oja,reet.oja@mail.ee,Rakvere,2025-01-13,46,2,987.75,5,2,4,11,Loyal
3335.0,Anna,Põld,anna.pold@yahoo.com,Tartu,2024-01-16,409,1,356.57,1,1,2,4,At Risk
3336.0,Andres,Paas,andres.paas@yahoo.com,Tallinn,2023-12-12,444,3,562.58,1,3,2,6,At Risk
3337.0,Laura,Lõoke,laura.looke@outlook.com,Tallinn,2024-12-08,82,3,750.28,4,3,3,10,Loyal
3338.0,Karin,Mitt,karin.mitt@gmail.com,Jõhvi,2024-08-23,189,5,899.12,3,5,3,11,Loyal
3339.0,Karin,Veski,karin.veski@mail.ee,Tallinn,2024-08-05,207,5,1313.5,2,5,4,11,Loyal
3341.0,Heino,Kuusk,heino.kuusk2@mail.ee,Kuressaare,2024-06-27,246,2,390.94,2,2,2,6,At Risk
3342.0,Erkki,Aas,,Narva,2025-01-09,50,6,2038.1599999999999,5,5,5,15,VIP Champions
3343.0,Siim,Põld,siim.pold@gmail.com,Tallinn,2024-12-25,65,3,1666.4799999999998,4,3,5,12,Loyal
3345.0,Arvo,Raid,arvo.raid@mail.ee,Rakvere,2025-02-12,16,2,257.97,5,2,1,8,Potential
3346.0,Indrek,Raid,,Tartu,2024-07-17,226,1,183.31,2,1,1,4,At Risk
3347.0,Olev,Kask,olev.kask@mail.ee,Tallinn,2025-02-23,5,1,106.69,5,1,1,7,Potential
3348.0,Enn,Mets,enn.mets@telia.ee,Kuressaare,2024-07-05,238,2,233.79,2,2,1,5,At Risk
3349.0,Marko,Oja,marko.oja@gmail.com,Tartu,2025-01-15,44,1,204.87,5,1,1,7,Potential
3350.0,Priit,Rand,priit.rand@telia.ee,Pärnu,2025-02-09,19,76,26286.100000000002,5,5,5,15,VIP Champions
3351.0,Eha,Kask,eha.kask@outlook.com,Viljandi,2024-12-22,68,6,2124.85,4,5,5,14,VIP Champions
3352.0,Annika,Kukk,annika.kukk@mail.ee,Tallinn,2024-07-23,220,2,851.01,2,2,3,7,Potential
3353.0,Sigrid,Rosin,sigrid.rosin@hot.ee,Tartu,2024-08-20,192,1,214.72,3,1,1,5,At Risk
3354.0,Lea,Kull,lea.kull@yahoo.com,Haapsalu,2024-08-28,184,4,851.03,3,4,3,10,Loyal
3355.0,Taavi,Rebane,taavi.rebane@mail.ee,Tallinn,2025-01-23,36,5,1314.56,5,5,4,14,VIP Champions
3356.0,Kadri,Pihl,kadri.pihl@telia.ee,Võru,2024-06-17,256,6,1166.13,2,5,4,11,Loyal
3357.0,Jüri,Toom,juri.toom@outlook.com,Tartu,2024-12-15,75,4,745.69,4,4,3,11,Loyal
3358.0,Hille,Männik,,Pärnu,2024-12-25,65,6,1710.5700000000002,4,5,5,14,VIP Champions
3359.0,Eha,Pärn,eha.parn@gmail.com,Narva,2024-05-27,277,5,856.03,2,5,3,10,Loyal
3361.0,Annika,Mets,annika.mets@hot.ee,Tartu,2024-10-09,142,6,1238.29,3,5,4,12,Loyal
3362.0,Hille,Mitt,hille.mitt@hot.ee,Paide,2024-12-24,66,5,1104.57,4,5,4,13,VIP Champions
3363.0,Ene,Oja,ene.oja@telia.ee,Tallinn,2024-04-09,325,1,130.02,2,1,1,4,At Risk
3364.0,Toomas,Nõmm,toomas.nomm@mail.ee,Võru,2024-08-24,188,1,278.59,3,1,1,5,At Risk
3365.0,Olev,Teder,olev.teder@gmail.com,Tallinn,2024-11-16,104,4,501.06,4,4,2,10,Loyal
3366.0,Nele,Männik,,Tallinn,2024-05-18,286,4,784.36,2,4,3,9,Potential
3367.0,Tarmo,Paju,tarmo.paju@mail.ee,Pärnu,2025-01-02,57,3,2322.4,5,3,5,13,VIP Champions
3368.0,Kristiina,Tammik,,Rakvere,2024-10-08,143,3,782.91,3,3,3,9,Potential
3370.0,Mihkel,Raid,mihkel.raid@yahoo.com,Tallinn,2025-02-27,1,1,44.08,5,1,1,7,Potential
3371.0,Olev,Teder,olev.teder@outlook.com,Tallinn,2024-12-30,60,5,1191.77,4,5,4,13,VIP Champions
3372.0,Väino,Rand,vaino.rand@telia.ee,Tallinn,2024-06-17,256,2,1467.9699999999998,2,2,5,9,Potential
3373.0,Marko,Kangur,,Tallinn,2025-01-24,35,3,1566.4,5,3,5,13,VIP Champions
3374.0,Maie,Sepp,maie.sepp@telia.ee,Tallinn,2024-12-01,89,2,473.74,4,2,2,8,Potential
3375.0,Kristiina,Kangur,kristiina.kangur@telia.ee,Tartu,2024-09-01,180,2,1357.61,3,2,4,9,Potential
3376.0,Anna,Lepik,anna.lepik@telia.ee,Haapsalu,2024-06-08,265,4,1095.65,2,4,4,10,Loyal
3377.0,Peeter,Järv,peeter.jarv@hot.ee,Viljandi,2024-05-24,280,5,600.33,2,5,2,9,Potential
3379.0,Kevin,Rand,kevin.rand@yahoo.com,Tallinn,2024-04-08,326,3,1158.97,1,3,4,8,Potential
3380.0,Kaido,Must,kaido.must@mail.ee,Viljandi,2024-04-05,329,1,1128.99,1,1,4,6,At Risk
3382.0,Ene,Sepp,ene.sepp@hot.ee,Tallinn,2024-11-25,95,4,848.46,4,4,3,11,Loyal
3383.0,Tarmo,Paas,tarmo.paas@yahoo.com,Tallinn,2024-09-12,169,2,658.49,3,2,3,8,Potential
3384.0,Indrek,Raid,indrek.raid@gmail.com,Pärnu,2025-02-24,4,8,2331.12,5,5,5,15,VIP Champions
3386.0,Pille,Nõmm,pille.nomm@yahoo.com,Tartu,2024-09-21,160,1,605.72,3,1,2,6,At Risk
3387.0,Margus,Kõiv,margus.koiv@telia.ee,Tartu,2023-06-16,623,2,539.19,1,2,2,5,At Risk
3388.0,Kaido,Laas,kaido.laas@outlook.com,Tartu,2024-12-15,75,3,396.04999999999995,4,3,2,9,Potential
3389.0,Piret,Lass,piret.lass@mail.ee,Tallinn,2023-12-14,442,3,1347.86,1,3,4,8,Potential
3390.0,Anna,Raud,anna.raud@yahoo.com,Tallinn,2024-12-06,84,1,273.06,4,1,1,6,At Risk
3391.0,Lea,Ilves,lea.ilves@hot.ee,Narva,2024-09-09,172,4,705.5999999999999,3,4,3,10,Loyal
3392.0,Liis,Laas,,Tallinn,2024-09-02,179,3,756.25,3,3,3,9,Potential
3393.0,Henri,Põld,henri.pold@mail.ee,Narva,2024-10-04,147,4,805.4100000000001,3,4,3,10,Loyal
3394.0,Eha,Raid,eha.raid@telia.ee,Valga,2024-10-29,122,6,2166.71,3,5,5,13,VIP Champions
3395.0,Grete,Paas,grete.paas@mail.ee,Tallinn,2024-11-01,119,4,495.07,4,4,2,10,Loyal
3396.0,Marko,Arro,marko.arro@yahoo.com,Tallinn,2024-12-03,87,2,513.08,4,2,2,8,Potential
3397.0,Riina,Liiv,riina.liiv@yahoo.com,Tartu,2024-07-28,215,4,651.23,2,4,3,9,Potential
3398.0,Tiit,Mets,tiit.mets@outlook.com,Tartu,2024-06-26,247,4,754.8499999999999,2,4,3,9,Potential
3399.0,Sigrid,Pihl,sigrid.pihl@hot.ee,Pärnu,2024-08-27,185,5,1266.6100000000001,3,5,4,12,Loyal
3401.0,Piret,Rand,,Pärnu,2025-01-23,36,5,1729.71,5,5,5,15,VIP Champions
3403.0,Margus,Kask,margus.kask@gmail.com,Tallinn,2024-10-16,135,4,610.8199999999999,3,4,2,9,Potential
3404.0,Maie,Tammik,,Tallinn,2024-04-12,322,5,1504.64,2,5,5,12,Loyal
3405.0,Katrin,Paju,katrin.paju@outlook.com,Pärnu,2024-04-19,315,5,647.9,2,5,3,10,Loyal
3406.0,Merike,Paas,merike.paas@mail.ee,Tallinn,2024-03-21,344,2,786.0,1,2,3,6,At Risk
3408.0,Kalev,Pärn,kalev.parn@mail.ee,Tallinn,2025-02-04,24,4,2025.48,5,4,5,14,VIP Champions
3409.0,Jaak,Põld,jaak.pold@yahoo.com,Tallinn,2023-12-27,429,1,130.36,1,1,1,3,Lost
3410.0,Jüri,Rebane,juri.rebane@mail.ee,Viljandi,2024-10-10,141,2,305.34000000000003,3,2,1,6,At Risk
3411.0,Jüri,Pärn,juri.parn@mail.ee,Pärnu,2024-09-04,177,3,783.74,3,3,3,9,Potential
3412.0,Rasmus,Veski,rasmus.veski@telia.ee,Tallinn,2024-06-25,248,3,1146.99,2,3,4,9,Potential
3413.0,Kalev,Must,,Tartu,2024-12-14,76,1,58.49,4,1,1,6,At Risk
3414.0,Peeter,Kangur,,Pärnu,2024-10-07,144,3,1075.24,3,3,4,10,Loyal
3415.0,Ülle,Kuusk,ulle.kuusk@telia.ee,Narva,2023-02-28,731,1,560.04,1,1,2,4,At Risk
3416.0,Ragnar,Järv,ragnar.jarv@mail.ee,Haapsalu,2023-05-10,660,2,494.84,1,2,2,5,At Risk
3417.0,Kalev,Järv,kalev.jarv@hot.ee,Tartu,2024-05-25,279,3,573.73,2,3,2,7,Potential
3418.0,Liina,Lass,liina.lass@mail.ee,Tallinn,2023-04-18,682,2,494.81999999999994,1,2,2,5,At Risk
3419.0,Sirje,Teder,sirje.teder@telia.ee,Tallinn,2024-12-01,89,4,1747.21,4,4,5,13,VIP Champions
3420.0,Katrin,Kuusk,katrin.kuusk@gmail.com,Tartu,2024-12-29,61,1,482.26,4,1,2,7,Potential
3421.0,Külli,Lass,,Tartu,2023-09-25,522,4,314.65,1,4,1,6,At Risk
3422.0,Olev,Kuusik,olev.kuusik@outlook.com,Tallinn,2024-12-03,87,1,166.52,4,1,1,6,At Risk
3424.0,Jüri,Paas,,Kuressaare,2024-12-25,65,6,1538.92,4,5,5,14,VIP Champions
3425.0,Liina,Pärn,liina.parn@gmail.com,Haapsalu,2024-11-14,106,4,756.99,4,4,3,11,Loyal
3428.0,Aili,Org,aili.org@telia.ee,Tallinn,2024-12-31,59,1,583.44,5,1,2,8,Potential
3429.0,Kalev,Pärn,kalev.parn2@mail.ee,Haapsalu,2024-10-14,137,3,635.8,3,3,3,9,Potential
3430.0,Toomas,Veski,toomas.veski@gmail.com,Tartu,2024-12-07,83,4,1405.79,4,4,4,12,Loyal
3431.0,Margus,Orav,margus.orav@telia.ee,Tallinn,2024-12-23,67,7,1816.4099999999999,4,5,5,14,VIP Champions
3432.0,Ülle,Nurk,ulle.nurk@outlook.com,Tartu,2024-11-28,92,5,2475.63,4,5,5,14,VIP Champions
3433.0,Ülle,Talvik,ulle.talvik@outlook.com,Narva,2024-12-26,64,1,281.19,4,1,1,6,At Risk
3434.0,Rasmus,Rebane,rasmus.rebane@hot.ee,Tallinn,2024-12-04,86,3,303.33,4,3,1,8,Potential
3435.0,Mihkel,Mägi,mihkel.magi@gmail.com,Tartu,2024-04-15,319,5,1898.02,2,5,5,12,Loyal
3436.0,Merle,Saar,,Pärnu,2023-06-08,631,2,404.39,1,2,2,5,At Risk
3437.0,Rein,Raid,rein.raid@hot.ee,Jõhvi,2024-09-28,153,2,614.9200000000001,3,2,2,7,Potential
3438.0,Lea,Ilves,lea.ilves@mail.ee,Tallinn,2025-02-21,7,6,1001.6800000000001,5,5,4,14,VIP Champions
3439.0,Kati,Sild,kati.sild@hot.ee,Tallinn,2024-06-25,248,7,1783.97,2,5,5,12,Loyal
3441.0,Terje,Järv,terje.jarv@mail.ee,Tallinn,2024-12-04,86,2,659.5899999999999,4,2,3,9,Potential
3442.0,Meelis,Ilves,,Tartu,2024-11-18,102,3,475.26,4,3,2,9,Potential
3443.0,Arvo,Nurk,arvo.nurk@mail.ee,Tartu,2024-10-26,125,3,1064.8700000000001,3,3,4,10,Loyal
3444.0,Maris,Kuusik,maris.kuusik@yahoo.com,Rakvere,2024-10-16,135,2,546.62,3,2,2,7,Potential
3445.0,Maie,Järv,maie.jarv@gmail.com,Tallinn,2024-09-02,179,2,299.31,3,2,1,6,At Risk
3446.0,Meelis,Sild,meelis.sild@yahoo.com,Kuressaare,2024-12-11,79,6,2692.31,4,5,5,14,VIP Champions
3447.0,Kristjan,Lepik,kristjan.lepik@outlook.com,Tartu,2024-08-21,191,3,1042.22,3,3,4,10,Loyal
3448.0,Kristi,Tammik,kristi.tammik@mail.ee,Narva,2023-12-19,437,1,271.35,1,1,1,3,Lost
3449.0,Külli,Lõoke,kulli.looke@yahoo.com,Tallinn,2024-12-10,80,3,1008.65,4,3,4,11,Loyal
3451.0,Kadri,Lõoke,kadri.looke@mail.ee,Tartu,2024-11-20,100,5,1069.3600000000001,4,5,4,13,VIP Champions
3452.0,Kalev,Nurk,kalev.nurk@yahoo.com,Pärnu,2024-07-13,230,4,489.33,2,4,2,8,Potential
3453.0,Urmas,Valk,urmas.valk2@outlook.com,Tartu,2025-02-23,5,1,16.62,5,1,1,7,Potential
3454.0,Kalev,Kuusik,kalev.kuusik@yahoo.com,Tallinn,2024-07-01,242,1,110.53,2,1,1,4,At Risk
3455.0,Reet,Rand,reet.rand@yahoo.com,Pärnu,2024-06-16,257,1,351.62,2,1,2,5,At Risk
3457.0,Kevin,Must,kevin.must@hot.ee,Tallinn,2024-10-26,125,5,1766.75,3,5,5,13,VIP Champions
3458.0,Arvo,Kull,arvo.kull2@hot.ee,Tartu,2024-03-22,343,4,718.9799999999999,1,4,3,8,Potential
3459.0,Erkki,Orav,erkki.orav@mail.ee,Narva,2025-02-19,9,6,1399.3,5,5,4,14,VIP Champions
3460.0,Siim,Kivi,siim.kivi@yahoo.com,Tartu,2024-12-26,64,6,2194.25,4,5,5,14,VIP Champions
3461.0,Kadri,Kukk,kadri.kukk@telia.ee,Narva,2024-06-14,259,2,459.94,2,2,2,6,At Risk
3462.0,Väino,Lepik,vaino.lepik@mail.ee,Tallinn,2023-11-23,463,2,1002.9499999999999,1,2,4,7,Potential
3463.0,Katrin,Teder,katrin.teder@outlook.com,Tallinn,2025-01-11,48,5,1070.07,5,5,4,14,VIP Champions
3465.0,Liina,Tamm,liina.tamm@telia.ee,Tallinn,2023-07-17,592,3,490.09,1,3,2,6,At Risk
3466.0,Jaak,Kask,jaak.kask@mail.ee,Tartu,2023-02-25,734,1,57.08,1,1,1,3,Lost
3467.0,Jüri,Laas,juri.laas@outlook.com,Tallinn,2025-02-06,22,3,727.73,5,3,3,11,Loyal
3468.0,Heino,Aas,heino.aas@yahoo.com,Narva,2023-12-14,442,1,23.45,1,1,1,3,Lost
3469.0,Merle,Puusepp,merle.puusepp@gmail.com,Tallinn,2024-09-30,151,4,1117.21,3,4,4,11,Loyal
3470.0,Raivo,Nurk,raivo.nurk@gmail.com,Jõhvi,2024-11-28,92,5,3166.25,4,5,5,14,VIP Champions
3471.0,Taavi,Salu,taavi.salu@gmail.com,Tallinn,2024-08-15,197,3,937.94,3,3,3,9,Potential
3472.0,Eha,Kask,eha.kask@yahoo.com,Narva,2023-10-14,503,3,1044.5600000000002,1,3,4,8,Potential
3473.0,Kersti,Rosin,kersti.rosin@hot.ee,Pärnu,2023-03-14,717,1,273.06,1,1,1,3,Lost
3474.0,Laura,Kull,laura.kull@yahoo.com,Narva,2025-01-07,52,5,1137.6000000000001,5,5,4,14,VIP Champions
3475.0,Margus,Ilves,margus.ilves@yahoo.com,Tallinn,2024-05-04,300,3,823.33,2,3,3,8,Potential
3476.0,Kristi,Teder,kristi.teder@hot.ee,Tallinn,2024-12-06,84,7,1895.3500000000001,4,5,5,14,VIP Champions
3477.0,Priit,Männik,priit.mannik@mail.ee,Rakvere,2024-06-26,247,2,1421.04,2,2,4,8,Potential
3479.0,Kevin,Lõhmus,kevin.lohmus2@mail.ee,Tallinn,2024-09-17,164,3,397.54999999999995,3,3,2,8,Potential
3480.0,Taavi,Põld,,Narva,2024-10-26,125,3,417.49,3,3,2,8,Potential
3481.0,Jaak,Raud,jaak.raud@mail.ee,Tallinn,2024-12-16,74,3,675.94,4,3,3,10,Loyal
3482.0,Lauri,Toom,lauri.toom@yahoo.com,Tallinn,2024-07-25,218,1,206.34,2,1,1,4,At Risk
3485.0,Lauri,Raid,lauri.raid@mail.ee,Tallinn,2024-06-07,266,3,484.22,2,3,2,7,Potential
3486.0,Lea,Hurt,lea.hurt@hot.ee,Tallinn,2023-09-10,537,2,694.5799999999999,1,2,3,6,At Risk
3488.0,Sandra,Saar,sandra.saar@gmail.com,Tallinn,2024-09-25,156,1,750.68,3,1,3,7,Potential
3489.0,Priit,Raid,priit.raid@outlook.com,Tallinn,2024-10-16,135,3,979.8699999999999,3,3,4,10,Loyal
3490.0,Aivar,Toom,aivar.toom@telia.ee,Rakvere,2024-12-31,59,1,107.36,5,1,1,7,Potential
3491.0,Eha,Lepik,eha.lepik@yahoo.com,Tartu,2024-10-06,145,2,652.84,3,2,3,8,Potential
3492.0,Katrin,Kukk,katrin.kukk@outlook.com,Tartu,2024-09-12,169,2,359.78,3,2,2,7,Potential
3493.0,Liis,Nõmm,liis.nomm@hot.ee,Tallinn,2024-07-28,215,4,911.47,2,4,3,9,Potential
3494.0,Andres,Arro,,Viljandi,2024-08-10,202,3,701.48,3,3,3,9,Potential
3496.0,Kristiina,Lill,kristiina.lill@outlook.com,Tallinn,2024-04-27,307,2,418.1,2,2,2,6,At Risk
3497.0,Katrin,Kuusik,katrin.kuusik@yahoo.com,Tartu,2023-05-11,659,1,26.79,1,1,1,3,Lost
3498.0,Kaido,Kask,kaido.kask@hot.ee,Pärnu,2024-11-30,90,3,1298.4299999999998,4,3,4,11,Loyal
3500.0,Kalev,Valk,kalev.valk@mail.ee,Jõhvi,2023-03-23,708,2,372.23,1,2,2,5,At Risk
3501.0,Hille,Kukk,hille.kukk@yahoo.com,Tallinn,2024-09-12,169,1,260.04,3,1,1,5,At Risk
3502.0,Hille,Kukk,hille.kukk@mail.ee,Tartu,2024-09-27,154,3,440.42999999999995,3,3,2,8,Potential
3504.0,Katrin,Männik,katrin.mannik@mail.ee,Tallinn,2024-03-16,349,3,684.4100000000001,1,3,3,7,Potential
3505.0,Rasmus,Mägi,rasmus.magi@gmail.com,Tallinn,2024-05-13,291,4,935.05,2,4,3,9,Potential
3507.0,Reet,Lass,,Tartu,2024-05-12,292,1,207.23,2,1,1,4,At Risk
3508.0,Henri,Mets,henri.mets2@telia.ee,Tallinn,2024-06-06,267,3,1309.1399999999999,2,3,4,9,Potential
3509.0,Kalev,Järv,kalev.jarv@yahoo.com,Tallinn,2025-01-09,50,4,1163.14,5,4,4,13,VIP Champions
3510.0,Aili,Lõoke,aili.looke@yahoo.com,Narva,2024-05-23,281,1,366.62,2,1,2,5,At Risk
3511.0,Ülle,Nõmm,,Viljandi,2024-07-07,236,2,458.6,2,2,2,6,At Risk
3512.0,Merike,Raid,merike.raid@yahoo.com,Pärnu,2024-03-04,361,5,1980.01,1,5,5,11,Loyal
3513.0,Anu,Luik,anu.luik2@yahoo.com,Tallinn,2024-05-15,289,1,246.97,2,1,1,4,At Risk
3514.0,Marko,Hurt,marko.hurt@mail.ee,Tartu,2024-01-22,403,6,1187.99,1,5,4,10,Loyal
3515.0,Tõnu,Orav,tonu.orav@mail.ee,Tallinn,2024-03-19,346,5,1796.6299999999999,1,5,5,11,Loyal
3516.0,Piret,Must,piret.must@telia.ee,Haapsalu,2025-01-07,52,5,1210.99,5,5,4,14,VIP Champions
3517.0,Terje,Rebane,terje.rebane@outlook.com,Tallinn,2024-02-25,369,2,530.69,1,2,2,5,At Risk
3518.0,Aivar,Rand,,Pärnu,2024-09-14,167,6,1394.4099999999999,3,5,4,12,Loyal
3520.0,Riina,Kask,riina.kask@gmail.com,Tallinn,2023-12-05,451,2,490.15999999999997,1,2,2,5,At Risk
3521.0,Lea,Lepp,lea.lepp@hot.ee,Tallinn,2025-01-04,55,4,1507.99,5,4,5,14,VIP Champions
3522.0,Sirje,Lepp,sirje.lepp@telia.ee,Pärnu,2024-01-08,417,3,616.87,1,3,2,6,At Risk
3523.0,Meelis,Raud,meelis.raud@outlook.com,Tallinn,2024-10-18,133,5,1506.42,3,5,5,13,VIP Champions
3524.0,Heino,Lõoke,heino.looke@telia.ee,Võru,2024-11-03,117,1,437.16,4,1,2,7,Potential
3525.0,Toomas,Luik,toomas.luik@gmail.com,Võru,2024-07-28,215,7,1770.1299999999999,2,5,5,12,Loyal
3526.0,Laura,Kangur,laura.kangur2@gmail.com,Tallinn,2024-04-30,304,2,421.18,2,2,2,6,At Risk
3527.0,Liis,Kuusk,liis.kuusk@gmail.com,Valga,2024-07-22,221,1,312.41,2,1,1,4,At Risk
3528.0,Jaak,Värk,jaak.vark@yahoo.com,Viljandi,2024-12-09,81,5,1291.43,4,5,4,13,VIP Champions
3529.0,Kevin,Kõiv,,Rakvere,2024-08-26,186,5,2002.13,3,5,5,13,VIP Champions
3530.0,Siim,Mitt,,Tallinn,2023-12-11,445,3,450.56,1,3,2,6,At Risk
3531.0,Jaak,Nõmm,jaak.nomm@outlook.com,Tartu,2024-07-03,240,2,366.51,2,2,2,6,At Risk
3532.0,Kadri,Kõiv,kadri.koiv@hot.ee,Tallinn,2024-07-04,239,6,842.46,2,5,3,10,Loyal
3533.0,Merle,Talvik,merle.talvik@hot.ee,Võru,2024-12-17,73,3,1785.9299999999998,4,3,5,12,Loyal
3534.0,Mihkel,Raud,mihkel.raud@gmail.com,Tallinn,2024-12-10,80,5,998.1999999999999,4,5,4,13,VIP Champions
3535.0,Urmas,Kõiv,urmas.koiv@yahoo.com,Tallinn,2024-11-01,119,3,681.98,4,3,3,10,Loyal
3536.0,Peeter,Paju,,Tallinn,2024-03-08,357,3,458.67,1,3,2,6,At Risk
3537.0,Annika,Raud,annika.raud@mail.ee,Tallinn,2023-06-10,629,1,74.81,1,1,1,3,Lost
3538.0,Mart,Nõmm,mart.nomm@telia.ee,Tallinn,2024-11-20,100,3,374.73,4,3,2,9,Potential
3539.0,Indrek,Laas,indrek.laas@yahoo.com,Kuressaare,2025-02-18,10,4,1071.67,5,4,4,13,VIP Champions
3540.0,Hille,Liiv,hille.liiv@telia.ee,Võru,2024-08-23,189,4,1357.4099999999999,3,4,4,11,Loyal
3543.0,Aili,Kask,aili.kask@telia.ee,Tallinn,2024-01-13,412,1,78.09,1,1,1,3,Lost
3545.0,Merike,Rosin,,Tartu,2024-11-10,110,6,2850.3,4,5,5,14,VIP Champions
3549.0,Maris,Lõhmus,maris.lohmus@telia.ee,Tartu,2024-05-05,299,3,1304.52,2,3,4,9,Potential
3550.0,Kristiina,Kuusk,kristiina.kuusk@mail.ee,Tallinn,2024-12-15,75,2,428.57,4,2,2,8,Potential
3551.0,Peeter,Lill,peeter.lill@hot.ee,Paide,2024-10-21,130,6,2018.52,3,5,5,13,VIP Champions
3552.0,Toomas,Puusepp,,Paide,2024-08-28,184,6,1869.02,3,5,5,13,VIP Champions
3553.0,Sander,Kull,sander.kull@hot.ee,Pärnu,2024-10-24,127,4,1073.26,3,4,4,11,Loyal
3554.0,Merike,Raud,merike.raud@outlook.com,Tallinn,2023-09-03,544,3,914.5999999999999,1,3,3,7,Potential
3555.0,Heino,Vaher,heino.vaher@yahoo.com,Tartu,2023-12-27,429,3,1258.03,1,3,4,8,Potential
3556.0,Merike,Vaher,merike.vaher@mail.ee,Tallinn,2025-02-19,9,69,18332.28,5,5,5,15,VIP Champions
3559.0,Tiit,Talvik,,Pärnu,2025-02-27,1,2,1091.42,5,2,4,11,Loyal
3560.0,Aili,Lass,aili.lass@gmail.com,Tartu,2023-11-13,473,4,1365.73,1,4,4,9,Potential
3561.0,Tarmo,Sild,tarmo.sild@mail.ee,Narva,2024-07-30,213,1,737.34,2,1,3,6,At Risk
3562.0,Heli,Kull,heli.kull@outlook.com,Viljandi,2024-05-02,302,5,1573.61,2,5,5,12,Loyal
3563.0,Indrek,Oja,indrek.oja@telia.ee,Tallinn,2024-12-08,82,8,1149.08,4,5,4,13,VIP Champions
3564.0,Hille,Kangur,hille.kangur@yahoo.com,Tallinn,2023-08-05,573,1,58.96,1,1,1,3,Lost
3565.0,Nele,Vaher,nele.vaher@gmail.com,Rakvere,2024-10-13,138,1,183.31,3,1,1,5,At Risk
3567.0,Siim,Pihl,siim.pihl@hot.ee,Rakvere,2024-12-14,76,3,1020.5600000000001,4,3,4,11,Loyal
3568.0,Jaak,Rand,jaak.rand@outlook.com,Narva,2024-12-16,74,2,1412.25,4,2,4,10,Loyal
3571.0,Eha,Sepp,eha.sepp@mail.ee,Tartu,2024-10-26,125,5,1519.76,3,5,5,13,VIP Champions
3572.0,Karin,Mitt,karin.mitt@outlook.com,Narva,2025-01-28,31,3,1632.08,5,3,5,13,VIP Champions
3573.0,Ants,Raid,,Haapsalu,2023-10-11,506,2,201.04000000000002,1,2,1,4,At Risk
3574.0,Indrek,Kallas,indrek.kallas@telia.ee,Tartu,2025-01-27,32,3,1959.43,5,3,5,13,VIP Champions
3575.0,Priit,Kallas,priit.kallas@gmail.com,Tartu,2024-12-07,83,5,1262.82,4,5,4,13,VIP Champions
3576.0,Sirje,Lepp,sirje.lepp@hot.ee,Tartu,2025-02-04,24,4,2289.46,5,4,5,14,VIP Champions
3577.0,Henri,Kangur,henri.kangur@gmail.com,Narva,2025-02-01,27,3,786.0699999999999,5,3,3,11,Loyal
3578.0,Erkki,Kull,erkki.kull@outlook.com,Tallinn,2025-02-01,27,6,1466.9,5,5,5,15,VIP Champions
3579.0,Sigrid,Luik,sigrid.luik@mail.ee,Rakvere,2024-07-21,222,1,192.22,2,1,1,4,At Risk
3580.0,Tiit,Puusepp,tiit.puusepp@gmail.com,Tartu,2024-08-19,193,3,1020.4,3,3,4,10,Loyal
3582.0,Peeter,Valk,peeter.valk@hot.ee,Tallinn,2025-02-06,22,8,2494.25,5,5,5,15,VIP Champions
3583.0,Marika,Tamm,marika.tamm@yahoo.com,Tartu,2024-02-26,368,4,1549.8,1,4,5,10,Loyal
3584.0,Annika,Talvik,annika.talvik@hot.ee,Tallinn,2024-03-21,344,1,142.57,1,1,1,3,Lost
3585.0,Sandra,Sepp,sandra.sepp@outlook.com,Jõhvi,2024-03-15,350,5,1082.72,1,5,4,10,Loyal
3586.0,Sander,Nurk,sander.nurk@mail.ee,Viljandi,2024-06-10,263,1,116.98,2,1,1,4,At Risk
3587.0,Ragnar,Pärn,ragnar.parn@outlook.com,Võru,2025-02-12,16,2,386.67999999999995,5,2,2,9,Potential
3588.0,Ülle,Kangur,ulle.kangur@mail.ee,Pärnu,2024-08-26,186,1,761.4,3,1,3,7,Potential
3589.0,Lauri,Hurt,,Tartu,2024-09-23,158,2,246.84,3,2,1,6,At Risk
3590.0,Madis,Must,madis.must@outlook.com,Tallinn,2024-04-27,307,2,322.68,2,2,1,5,At Risk
3591.0,Karin,Raud,karin.raud@mail.ee,Tallinn,2024-02-15,379,2,346.48,1,2,1,4,At Risk
3592.0,Väino,Paju,vaino.paju@outlook.com,Kuressaare,2024-08-10,202,2,632.7,3,2,3,8,Potential
3593.0,Marika,Kuusk,,Tallinn,2024-09-03,178,2,355.21,3,2,2,7,Potential
3594.0,Ants,Kaalep,ants.kaalep@telia.ee,Tallinn,2024-06-06,267,1,296.58,2,1,1,4,At Risk
3595.0,Liis,Puusepp,liis.puusepp@outlook.com,Tartu,2025-02-09,19,1,50.85,5,1,1,7,Potential
3596.0,Väino,Aas,vaino.aas@yahoo.com,Tallinn,2024-09-18,163,3,1018.09,3,3,4,10,Loyal
3597.0,Pille,Kivi,pille.kivi@yahoo.com,Valga,2023-12-30,426,3,301.51,1,3,1,5,At Risk
3598.0,Ago,Nurk,ago.nurk@hot.ee,Pärnu,2024-08-27,185,2,747.26,3,2,3,8,Potential
3599.0,Olev,Lepp,olev.lepp@mail.ee,Tallinn,2025-01-22,37,3,925.32,5,3,3,11,Loyal
3600.0,Kalev,Mägi,kalev.magi2@yahoo.com,Tartu,2024-08-01,211,4,1241.49,2,4,4,10,Loyal
3601.0,Reet,Nõmm,reet.nomm@gmail.com,Narva,2024-10-03,148,2,885.0699999999999,3,2,3,8,Potential
3602.0,Karin,Paas,karin.paas@outlook.com,Pärnu,2023-12-27,429,3,636.96,1,3,3,7,Potential
3603.0,Tarmo,Rosin,tarmo.rosin@telia.ee,Tallinn,2024-09-23,158,6,2389.74,3,5,5,13,VIP Champions
3604.0,Marko,Nõmm,marko.nomm@mail.ee,Tallinn,2024-08-13,199,4,1545.27,3,4,5,12,Loyal
3605.0,Anu,Kuusik,anu.kuusik@mail.ee,Tallinn,2025-02-24,4,77,21626.1,5,5,5,15,VIP Champions
3606.0,Rain,Kuusik,rain.kuusik@telia.ee,Narva,2023-10-31,486,4,1213.6,1,4,4,9,Potential
3607.0,Lea,Raud,lea.raud@gmail.com,Kuressaare,2024-12-09,81,5,1209.04,4,5,4,13,VIP Champions
3608.0,Tarmo,Sepp,tarmo.sepp@outlook.com,Haapsalu,2024-09-13,168,4,2496.09,3,4,5,12,Loyal
3609.0,Indrek,Puusepp,indrek.puusepp2@hot.ee,Tallinn,2024-07-25,218,3,681.02,2,3,3,8,Potential
3610.0,Grete,Koppel,,Kuressaare,2024-10-01,150,2,534.03,3,2,2,7,Potential
3611.0,Sirje,Koppel,sirje.koppel@hot.ee,Rakvere,2024-03-23,342,1,282.95,1,1,1,3,Lost
3613.0,Liis,Paju,liis.paju@outlook.com,Tallinn,2026-01-22,-328,4,1353.1100000000001,5,4,4,13,VIP Champions
3614.0,Ülle,Kuusik,,Haapsalu,2023-08-03,575,2,57.910000000000004,1,2,1,4,At Risk
3615.0,Andres,Männik,andres.mannik@gmail.com,Tallinn,2024-10-09,142,2,299.54999999999995,3,2,1,6,At Risk
3616.0,Kersti,Lepik,kersti.lepik@telia.ee,Tartu,2023-05-14,656,1,63.3,1,1,1,3,Lost
3617.0,Jaak,Kull,jaak.kull@gmail.com,Tallinn,2025-02-10,18,6,2477.5,5,5,5,15,VIP Champions
3618.0,Tiina,Pärn,tiina.parn@gmail.com,Tartu,2025-02-21,7,72,27920.86,5,5,5,15,VIP Champions
3619.0,Ants,Roots,ants.roots@telia.ee,Tartu,2024-08-29,183,5,733.9,3,5,3,11,Loyal
3620.0,Andres,Toom,andres.toom@mail.ee,Jõhvi,2024-01-12,413,2,798.6700000000001,1,2,3,6,At Risk
3621.0,Karin,Vaher,karin.vaher@telia.ee,Pärnu,2023-06-12,627,2,1308.86,1,2,4,7,Potential
3622.0,Annika,Rosin,,Pärnu,2024-08-28,184,4,2020.6399999999999,3,4,5,12,Loyal
3624.0,Elis,Mitt,elis.mitt@telia.ee,Tallinn,2024-08-06,206,4,1388.1200000000001,2,4,4,10,Loyal
3626.0,Katrin,Kõiv,katrin.koiv@gmail.com,Tartu,2025-01-22,37,6,1278.49,5,5,4,14,VIP Champions
3627.0,Mihkel,Roots,mihkel.roots@telia.ee,Tartu,2025-01-04,55,4,1330.54,5,4,4,13,VIP Champions
3628.0,Kristjan,Järv,kristjan.jarv@hot.ee,Pärnu,2023-10-18,499,3,1513.16,1,3,5,9,Potential
3629.0,Jaak,Värk,jaak.vark@telia.ee,Tallinn,2025-02-27,1,5,1411.02,5,5,4,14,VIP Champions
3630.0,Heli,Puusepp,heli.puusepp@hot.ee,Tartu,2024-01-30,395,1,222.1,1,1,1,3,Lost
3631.0,Hille,Aas,hille.aas@telia.ee,Võru,2025-01-13,46,3,366.47,5,3,2,10,Loyal
3632.0,Margus,Rosin,margus.rosin@outlook.com,Tallinn,2025-01-13,46,4,1405.85,5,4,4,13,VIP Champions
3633.0,Heli,Põld,heli.pold@mail.ee,Tartu,2024-11-20,100,7,1669.56,4,5,5,14,VIP Champions
3634.0,Taavi,Kangur,taavi.kangur@telia.ee,Rakvere,2025-02-16,12,1,552.4,5,1,2,8,Potential
3636.0,Laura,Toom,laura.toom@mail.ee,Tallinn,2023-06-01,638,2,990.16,1,2,4,7,Potential
3637.0,Aivar,Põld,aivar.pold@hot.ee,Tallinn,2024-04-18,316,4,731.8299999999999,2,4,3,9,Potential
3638.0,Elis,Sild,elis.sild@outlook.com,Tallinn,2024-12-19,71,6,2214.42,4,5,5,14,VIP Champions
3640.0,Aivar,Laas,aivar.laas@hot.ee,Tartu,2025-02-17,11,2,1013.8599999999999,5,2,4,11,Loyal
3641.0,Triin,Järv,triin.jarv@telia.ee,Rakvere,2024-09-01,180,2,576.48,3,2,2,7,Potential
3642.0,Kevin,Roots,kevin.roots@gmail.com,Viljandi,2023-12-04,452,2,399.36,1,2,2,5,At Risk
3643.0,Mart,Liiv,mart.liiv@yahoo.com,Tallinn,2024-10-11,140,7,3559.9,3,5,5,13,VIP Champions
3644.0,Mihkel,Sild,,Tartu,2025-01-22,37,7,2464.95,5,5,5,15,VIP Champions
3645.0,Katrin,Nurk,katrin.nurk@hot.ee,Tartu,2024-07-27,216,2,365.19,2,2,2,6,At Risk
3646.0,Ülle,Valk,ulle.valk@mail.ee,Tartu,2023-07-14,595,2,267.54,1,2,1,4,At Risk
3647.0,Ants,Teder,ants.teder@hot.ee,Tallinn,2024-09-28,153,4,886.15,3,4,3,10,Loyal
3648.0,Erkki,Ilves,erkki.ilves@outlook.com,Tartu,2025-02-20,8,72,22942.420000000002,5,5,5,15,VIP Champions
3649.0,Lea,Salu,lea.salu@hot.ee,Võru,2024-08-21,191,5,950.21,3,5,3,11,Loyal
3650.0,Toomas,Vaher,toomas.vaher@outlook.com,Tallinn,2024-05-18,286,3,564.29,2,3,2,7,Potential
3651.0,Lauri,Kukk,lauri.kukk@telia.ee,Pärnu,2024-11-03,117,2,410.20000000000005,4,2,2,8,Potential
3654.0,Kersti,Kõiv,kersti.koiv@telia.ee,Tartu,2025-02-17,11,6,1036.42,5,5,4,14,VIP Champions
3655.0,Kristiina,Tamm,kristiina.tamm@yahoo.com,Võru,2023-07-03,606,3,912.9,1,3,3,7,Potential
3656.0,Raivo,Rebane,raivo.rebane@outlook.com,Tallinn,2024-04-07,327,3,842.59,1,3,3,7,Potential
3657.0,Triin,Roots,triin.roots@outlook.com,Jõhvi,2024-08-21,191,4,688.61,3,4,3,10,Loyal
3659.0,Liina,Mägi,liina.magi@gmail.com,Tallinn,2024-07-24,219,3,334.7,2,3,1,6,At Risk
3660.0,Eha,Liiv,eha.liiv@hot.ee,Jõhvi,2024-11-22,98,3,970.67,4,3,4,11,Loyal
3661.0,Katrin,Raud,katrin.raud@outlook.com,Pärnu,2024-10-30,121,5,2426.1800000000003,3,5,5,13,VIP Champions
3662.0,Arvo,Kull,arvo.kull3@hot.ee,Narva,2024-09-17,164,1,121.51,3,1,1,5,At Risk
3663.0,Taavi,Paju,taavi.paju@yahoo.com,Pärnu,2025-01-10,49,2,268.57,5,2,1,8,Potential
3664.0,Heli,Kuusk,heli.kuusk@mail.ee,Tallinn,2024-05-04,300,3,222.23000000000002,2,3,1,6,At Risk
3665.0,Kalev,Kallas,kalev.kallas@gmail.com,Kuressaare,2024-12-11,79,3,625.0,4,3,2,9,Potential
3666.0,Nele,Paas,nele.paas@outlook.com,Tallinn,2024-12-28,62,5,1859.09,4,5,5,14,VIP Champions
3668.0,Tiit,Paju,tiit.paju@mail.ee,Pärnu,2024-04-20,314,4,904.38,2,4,3,9,Potential
3669.0,Raivo,Koppel,raivo.koppel2@yahoo.com,Tallinn,2023-07-19,590,3,1171.03,1,3,4,8,Potential
3672.0,Taavi,Liiv,taavi.liiv@gmail.com,Haapsalu,2024-01-24,401,7,1534.1599999999999,1,5,5,11,Loyal
3673.0,Kaido,Kukk,,Haapsalu,2024-10-08,143,2,438.65,3,2,2,7,Potential
3674.0,Grete,Salu,grete.salu2@telia.ee,Tallinn,2024-09-23,158,2,427.51,3,2,2,7,Potential
3675.0,Heli,Roots,heli.roots@outlook.com,Tartu,2024-08-05,207,4,831.4,2,4,3,9,Potential
3676.0,Tiina,Pihl,tiina.pihl@gmail.com,Jõhvi,2024-06-06,267,3,1770.79,2,3,5,10,Loyal
3677.0,Ragnar,Paju,ragnar.paju@gmail.com,Tartu,2025-02-20,8,1,250.72,5,1,1,7,Potential
3678.0,Tõnu,Luik,tonu.luik2@telia.ee,Tartu,2024-11-04,116,1,219.38,4,1,1,6,At Risk
3679.0,Madis,Lepik,madis.lepik@telia.ee,Tallinn,2024-12-24,66,2,417.82000000000005,4,2,2,8,Potential
3680.0,Aivar,Kuusk,aivar.kuusk@telia.ee,Tallinn,2024-07-11,232,3,1102.87,2,3,4,9,Potential
3681.0,Jaak,Sild,,Pärnu,2025-02-12,16,11,2287.75,5,5,5,15,VIP Champions
3684.0,Lauri,Talvik,lauri.talvik@mail.ee,Tallinn,2024-12-28,62,4,1007.31,4,4,4,12,Loyal
3685.0,Heli,Mägi,heli.magi@yahoo.com,Narva,2024-06-18,255,4,1220.67,2,4,4,10,Loyal
3686.0,Terje,Salu,terje.salu@gmail.com,Tallinn,2025-12-21,-296,4,696.3599999999999,5,4,3,12,Loyal
3687.0,Ene,Kuusik,ene.kuusik@gmail.com,Tallinn,2025-01-28,31,4,901.07,5,4,3,12,Loyal
3688.0,Tõnu,Must,tonu.must@gmail.com,Tallinn,2024-07-06,237,5,857.21,2,5,3,10,Loyal
3689.0,Olev,Kangur,olev.kangur@telia.ee,Valga,2024-02-05,389,3,583.4,1,3,2,6,At Risk
3690.0,Maie,Tamm,maie.tamm@gmail.com,Tallinn,2024-10-26,125,1,501.69,3,1,2,6,At Risk
3691.0,Anna,Liiv,anna.liiv@gmail.com,Jõhvi,2024-12-16,74,1,259.23,4,1,1,6,At Risk
3692.0,Väino,Sild,vaino.sild@yahoo.com,Tallinn,2025-01-14,45,8,3293.95,5,5,5,15,VIP Champions
3693.0,Külli,Must,kulli.must@hot.ee,Tartu,2024-05-14,290,2,649.21,2,2,3,7,Potential
3694.0,Aivar,Salu,aivar.salu@mail.ee,Tallinn,2025-01-07,52,1,279.43,5,1,1,7,Potential
3695.0,Kati,Puusepp,kati.puusepp@hot.ee,Tallinn,2024-03-27,338,4,1108.38,1,4,4,9,Potential
3696.0,Tiina,Järv,tiina.jarv@mail.ee,Tallinn,2023-11-20,466,5,2980.9,1,5,5,11,Loyal
3697.0,Andres,Kuusik,andres.kuusik@mail.ee,Tallinn,2024-03-01,364,2,557.38,1,2,2,5,At Risk
3698.0,Tiina,Teder,tiina.teder@mail.ee,Narva,2024-03-05,360,4,802.21,1,4,3,8,Potential
3699.0,Marko,Pihl,marko.pihl@outlook.com,Tartu,2024-10-17,134,10,4522.92,3,5,5,13,VIP Champions
3700.0,Liina,Valk,liina.valk@outlook.com,Pärnu,2025-01-30,29,2,1088.92,5,2,4,11,Loyal
3701.0,Tarmo,Tammik,tarmo.tammik@outlook.com,Tallinn,2023-03-20,711,2,352.5,1,2,2,5,At Risk
3702.0,Väino,Tammik,,Tartu,2024-09-15,166,3,584.85,3,3,2,8,Potential
3703.0,Liina,Lõhmus,liina.lohmus@gmail.com,Tallinn,2023-09-09,538,2,1426.28,1,2,5,8,Potential
3704.0,Kaido,Kuusik,kaido.kuusik@yahoo.com,Tallinn,2025-01-06,53,1,68.08,5,1,1,7,Potential
3705.0,Grete,Paju,grete.paju@telia.ee,Tartu,2024-11-12,108,2,250.0,4,2,1,7,Potential
3706.0,Anna,Pihl,anna.pihl@yahoo.com,Tartu,2024-12-23,67,1,566.48,4,1,2,7,Potential
3707.0,Anu,Toom,anu.toom@telia.ee,Tartu,2025-02-22,6,3,942.25,5,3,3,11,Loyal
3708.0,Tarmo,Kukk,tarmo.kukk2@outlook.com,Tartu,2023-07-06,603,1,347.16,1,1,2,4,At Risk
3709.0,Peeter,Org,,Jõhvi,2025-12-02,-277,7,1378.77,5,5,4,14,VIP Champions
3710.0,Liina,Kask,liina.kask@hot.ee,Tallinn,2025-01-05,54,6,2116.89,5,5,5,15,VIP Champions
3711.0,Väino,Paju,vaino.paju@yahoo.com,Tartu,2024-12-08,82,6,1103.25,4,5,4,13,VIP Champions
3712.0,Indrek,Mägi,indrek.magi@telia.ee,Viljandi,2024-10-25,126,2,669.38,3,2,3,8,Potential
3713.0,Marika,Kõiv,,Tallinn,2025-01-17,42,5,864.69,5,5,3,13,VIP Champions
3714.0,Meelis,Raid,meelis.raid@gmail.com,Tallinn,2024-08-04,208,4,1063.92,2,4,4,10,Loyal
3715.0,Maie,Kaalep,maie.kaalep@telia.ee,Pärnu,2025-01-05,54,1,552.4,5,1,2,8,Potential
3716.0,Jüri,Salu,juri.salu2@yahoo.com,Tartu,2024-10-05,146,5,1781.36,3,5,5,13,VIP Champions
3718.0,Kevin,Orav,kevin.orav@mail.ee,Rakvere,2025-01-03,56,7,1321.25,5,5,4,14,VIP Champions
3719.0,Anna,Puusepp,anna.puusepp@hot.ee,Haapsalu,2024-08-19,193,5,1579.77,3,5,5,13,VIP Champions
3720.0,Grete,Puusepp,grete.puusepp@hot.ee,Tallinn,2024-06-23,250,5,2158.81,2,5,5,12,Loyal
3721.0,Heino,Roots,heino.roots@telia.ee,Tallinn,2024-09-07,174,3,1564.98,3,3,5,11,Loyal
3722.0,Ago,Kull,ago.kull@yahoo.com,Pärnu,2025-01-31,28,62,20317.81,5,5,5,15,VIP Champions
3723.0,Marika,Lass,marika.lass@outlook.com,Pärnu,2024-08-17,195,4,913.6,3,4,3,10,Loyal
3724.0,Madis,Teder,,Tartu,2024-06-24,249,1,26.62,2,1,1,4,At Risk
3726.0,Sandra,Roots,,Tallinn,2023-08-29,549,2,742.1800000000001,1,2,3,6,At Risk
3728.0,Kristiina,Kull,,Tallinn,2024-11-16,104,3,251.67,4,3,1,8,Potential
3729.0,Annika,Must,annika.must@mail.ee,Viljandi,2023-12-02,454,2,280.56,1,2,1,4,At Risk
3730.0,Tarmo,Kuusik,tarmo.kuusik@outlook.com,Valga,2023-10-04,513,2,1085.9,1,2,4,7,Potential
3732.0,Olev,Sild,,Pärnu,2025-02-21,7,5,2681.42,5,5,5,15,VIP Champions
3733.0,Priit,Aas,priit.aas@yahoo.com,Narva,2024-01-19,406,1,106.82,1,1,1,3,Lost
3734.0,Pille,Koppel,pille.koppel@mail.ee,Tallinn,2024-11-16,104,4,2087.25,4,4,5,13,VIP Champions
3735.0,Tõnu,Luik,,Pärnu,2024-03-08,357,4,1460.03,1,4,5,10,Loyal
3737.0,Sandra,Aas,sandra.aas@telia.ee,Tallinn,2025-01-08,51,6,2105.1,5,5,5,15,VIP Champions
3738.0,Aili,Rosin,aili.rosin@telia.ee,Tartu,2024-11-20,100,2,333.19,4,2,1,7,Potential
3740.0,Anu,Nurk,anu.nurk@hot.ee,Tartu,2025-01-31,28,2,422.51,5,2,2,9,Potential
3741.0,Peeter,Veski,peeter.veski2@outlook.com,Tallinn,2025-02-12,16,2,978.99,5,2,4,11,Loyal
3742.0,Katrin,Rebane,katrin.rebane@outlook.com,Võru,2024-09-29,152,1,67.75,3,1,1,5,At Risk
3743.0,Tiina,Kukk,tiina.kukk2@mail.ee,Tartu,2024-10-30,121,3,747.37,3,3,3,9,Potential
3744.0,Ülle,Kuusik,ulle.kuusik@hot.ee,Jõhvi,2024-09-20,161,3,691.0999999999999,3,3,3,9,Potential
3745.0,Tõnu,Mägi,tonu.magi@telia.ee,Tartu,2024-05-11,293,5,2399.3,2,5,5,12,Loyal
3746.0,Ants,Kull,ants.kull@mail.ee,Tartu,2024-10-16,135,6,1531.35,3,5,5,13,VIP Champions
3748.0,Taavi,Kuusk,taavi.kuusk@telia.ee,Tallinn,2024-02-17,377,3,609.19,1,3,2,6,At Risk
3750.0,Hille,Lõoke,,Tartu,2024-12-25,65,4,1041.73,4,4,4,12,Loyal
3751.0,Väino,Raud,vaino.raud@yahoo.com,Tallinn,2024-07-14,229,4,2235.34,2,4,5,11,Loyal
3752.0,Kersti,Järv,,Viljandi,2024-05-10,294,3,632.27,2,3,2,7,Potential
3754.0,Lauri,Mets,lauri.mets@telia.ee,Tallinn,2024-02-25,369,2,610.8,1,2,2,5,At Risk
3755.0,Aili,Liiv,aili.liiv@hot.ee,Tartu,2025-02-03,25,5,848.9200000000001,5,5,3,13,VIP Champions
3756.0,Rein,Nõmm,rein.nomm@hot.ee,Haapsalu,2023-04-02,698,2,245.24,1,2,1,4,At Risk
3758.0,Eha,Org,eha.org@outlook.com,Tallinn,2024-08-28,184,4,862.5,3,4,3,10,Loyal
3759.0,Tarmo,Kukk,tarmo.kukk@telia.ee,Tartu,2024-09-05,176,4,1778.05,3,4,5,12,Loyal
3760.0,Madis,Värk,madis.vark@telia.ee,Tartu,2024-11-17,103,5,1122.1399999999999,4,5,4,13,VIP Champions
3761.0,Rein,Paju,rein.paju@mail.ee,Pärnu,2024-02-06,388,2,233.06,1,2,1,4,At Risk
3762.0,Kati,Mägi,kati.magi@telia.ee,Viljandi,2024-07-15,228,2,474.25,2,2,2,6,At Risk
3763.0,Eha,Kangur,eha.kangur@telia.ee,Haapsalu,2023-05-25,645,1,183.4,1,1,1,3,Lost
3764.0,Katrin,Kivi,,Pärnu,2024-12-20,70,4,1060.04,4,4,4,12,Loyal
3765.0,Aili,Teder,aili.teder@mail.ee,Tallinn,2024-10-22,129,3,1264.42,3,3,4,10,Loyal
3766.0,Andres,Oja,andres.oja@hot.ee,Tallinn,2024-09-30,151,3,561.19,3,3,2,8,Potential
3767.0,Tarmo,Kaalep,tarmo.kaalep2@mail.ee,Tartu,2024-08-16,196,3,1133.38,3,3,4,10,Loyal
3768.0,Karin,Sepp,karin.sepp@telia.ee,Tallinn,2024-11-22,98,4,947.22,4,4,3,11,Loyal
3769.0,Anna,Luik,anna.luik@hot.ee,Tartu,2023-12-26,430,2,429.15,1,2,2,5,At Risk
3770.0,Lauri,Männik,lauri.mannik@gmail.com,Tartu,2024-03-12,353,3,1475.3899999999999,1,3,5,9,Potential
3771.0,Ago,Kukk,ago.kukk@mail.ee,Tartu,2025-01-12,47,3,527.48,5,3,2,10,Loyal
3772.0,Piret,Aas,piret.aas@hot.ee,Narva,2024-05-14,290,2,182.4,2,2,1,5,At Risk
3773.0,Toomas,Lepp,toomas.lepp@gmail.com,Tallinn,2025-02-15,13,4,960.95,5,4,3,12,Loyal
3774.0,Annika,Sepp,annika.sepp@yahoo.com,Tartu,2024-10-30,121,1,270.69,3,1,1,5,At Risk
3775.0,Väino,Kuusik,vaino.kuusik@gmail.com,Narva,2024-12-11,79,6,2211.61,4,5,5,14,VIP Champions
3777.0,Marika,Aas,marika.aas@outlook.com,Viljandi,2024-03-13,352,3,577.83,1,3,2,6,At Risk
3778.0,Kalev,Kask,kalev.kask@outlook.com,Tallinn,2024-08-26,186,1,176.65,3,1,1,5,At Risk
3779.0,Madis,Kivi,madis.kivi@telia.ee,Viljandi,2024-09-06,175,1,247.28,3,1,1,5,At Risk
3780.0,Kadri,Mets,kadri.mets@yahoo.com,Tartu,2025-01-12,47,4,942.1700000000001,5,4,3,12,Loyal
3781.0,Eha,Orav,eha.orav@telia.ee,Paide,2024-12-11,79,1,1635.35,4,1,5,10,Loyal
3782.0,Kristiina,Sepp,kristiina.sepp@telia.ee,Haapsalu,2025-02-27,1,4,2350.16,5,4,5,14,VIP Champions
3783.0,Lea,Kukk,lea.kukk@mail.ee,Tallinn,2025-01-05,54,2,369.3,5,2,2,9,Potential
3784.0,Liina,Roots,liina.roots@yahoo.com,Tallinn,2024-10-02,149,6,1393.79,3,5,4,12,Loyal
3785.0,Toomas,Lill,toomas.lill@telia.ee,Tartu,2023-12-05,451,1,271.98,1,1,1,3,Lost
3787.0,Aili,Saar,aili.saar@mail.ee,Tartu,2024-08-13,199,5,648.02,3,5,3,11,Loyal
3788.0,Terje,Laas,terje.laas@outlook.com,Tartu,2024-09-02,179,6,1052.41,3,5,4,12,Loyal
3789.0,Peeter,Pihl,peeter.pihl@mail.ee,Valga,2024-03-29,336,3,899.0,1,3,3,7,Potential
3790.0,Kadri,Liiv,kadri.liiv@telia.ee,Tallinn,2024-07-05,238,2,659.57,2,2,3,7,Potential
3791.0,Ülle,Puusepp,ulle.puusepp@telia.ee,Haapsalu,2023-05-11,659,1,154.71,1,1,1,3,Lost
3792.0,Urmas,Järv,,Võru,2024-09-20,161,2,393.52,3,2,2,7,Potential
3793.0,Lea,Nõmm,lea.nomm@gmail.com,Tallinn,2025-02-13,15,5,763.36,5,5,3,13,VIP Champions
3794.0,Nele,Koppel,nele.koppel@telia.ee,Tallinn,2024-08-10,202,2,938.4000000000001,3,2,3,8,Potential
3795.0,Taavi,Hurt,taavi.hurt@outlook.com,Tallinn,2023-11-08,478,2,701.22,1,2,3,6,At Risk
3796.0,Maris,Oja,maris.oja@mail.ee,Tartu,2024-07-31,212,1,221.4,2,1,1,4,At Risk
3797.0,Anna,Must,anna.must@outlook.com,Pärnu,2024-08-31,181,1,127.24,3,1,1,5,At Risk
3798.0,Annika,Aas,,Tallinn,2024-09-07,174,2,452.13,3,2,2,7,Potential
3799.0,Merle,Raud,merle.raud@telia.ee,Pärnu,2024-06-06,267,2,884.2,2,2,3,7,Potential
3802.0,Karin,Rosin,karin.rosin@hot.ee,Tallinn,2024-01-05,420,1,106.21,1,1,1,3,Lost
3803.0,Maie,Raud,maie.raud@hot.ee,Tallinn,2024-04-15,319,4,1470.68,2,4,5,11,Loyal
3804.0,Anu,Sild,anu.sild@hot.ee,Tallinn,2025-01-23,36,4,1280.74,5,4,4,13,VIP Champions
3805.0,Terje,Kivi,terje.kivi@outlook.com,Rakvere,2023-09-11,536,2,1469.26,1,2,5,8,Potential
3806.0,Lauri,Tamm,lauri.tamm@outlook.com,Võru,2024-09-09,172,2,97.11,3,2,1,6,At Risk
3808.0,Anu,Liiv,anu.liiv2@hot.ee,Tartu,2023-10-02,515,1,282.95,1,1,1,3,Lost
3809.0,Toomas,Raid,toomas.raid@outlook.com,Tartu,2024-04-04,330,4,940.48,1,4,3,8,Potential
3810.0,Pille,Sepp,pille.sepp@hot.ee,Pärnu,2025-02-17,11,55,18110.41,5,5,5,15,VIP Champions
3811.0,Andres,Pihl,,Narva,2025-01-08,51,2,276.98,5,2,1,8,Potential
3812.0,Riina,Rand,riina.rand@yahoo.com,Paide,2024-08-12,200,3,485.12,3,3,2,8,Potential
3813.0,Nele,Rebane,,Tallinn,2024-11-03,117,2,463.69,4,2,2,8,Potential
3814.0,Külli,Mets,,Pärnu,2024-12-24,66,2,1008.69,4,2,4,10,Loyal
3815.0,Marko,Mägi,,Võru,2025-01-01,58,5,840.29,5,5,3,13,VIP Champions
3816.0,Eha,Ilves,eha.ilves@hot.ee,Tartu,2024-12-24,66,2,323.98,4,2,1,7,Potential
3817.0,Anna,Paas,,Narva,2024-09-09,172,4,2063.73,3,4,5,12,Loyal
3818.0,Indrek,Männik,indrek.mannik@telia.ee,Tallinn,2024-10-20,131,4,912.51,3,4,3,10,Loyal
3819.0,Jüri,Kuusk,juri.kuusk@telia.ee,Pärnu,2024-10-28,123,1,401.6,3,1,2,6,At Risk
3820.0,Aivar,Lill,aivar.lill@telia.ee,Pärnu,2024-06-05,268,3,281.36,2,3,1,6,At Risk
3821.0,Tiina,Kõiv,tiina.koiv@yahoo.com,Kuressaare,2024-06-07,266,1,437.98,2,1,2,5,At Risk
3822.0,Liina,Kuusk,liina.kuusk2@yahoo.com,Tallinn,2024-10-23,128,1,286.17,3,1,1,5,At Risk
3824.0,Andres,Lepp,andres.lepp@gmail.com,Tartu,2024-02-17,377,2,859.08,1,2,3,6,At Risk
3825.0,Kati,Paas,kati.paas@gmail.com,Tallinn,2024-05-23,281,3,1074.03,2,3,4,9,Potential
3826.0,Marko,Kask,marko.kask@yahoo.com,Tartu,2025-01-11,48,4,1042.3,5,4,4,13,VIP Champions
3827.0,Lea,Raid,lea.raid@outlook.com,Paide,2024-06-30,243,2,515.0799999999999,2,2,2,6,At Risk
3828.0,Pille,Põld,pille.pold@yahoo.com,Tallinn,2025-02-10,18,5,1443.54,5,5,5,15,VIP Champions
3829.0,Katrin,Nurk,katrin.nurk@mail.ee,Tallinn,2024-10-14,137,4,795.5699999999999,3,4,3,10,Loyal
3830.0,Marko,Lõhmus,marko.lohmus@gmail.com,Tartu,2023-09-16,531,1,789.39,1,1,3,5,At Risk
3831.0,Maris,Rosin,maris.rosin@gmail.com,Tartu,2024-11-09,111,4,1148.6200000000001,4,4,4,12,Loyal
3832.0,Kaido,Orav,kaido.orav@telia.ee,Narva,2024-06-19,254,3,662.36,2,3,3,8,Potential
3833.0,Mihkel,Pihl,mihkel.pihl@gmail.com,Pärnu,2024-12-02,88,5,1002.33,4,5,4,13,VIP Champions
3834.0,Grete,Männik,grete.mannik@yahoo.com,Tartu,2025-01-09,50,3,1298.94,5,3,4,12,Loyal
3835.0,Aivar,Luik,aivar.luik@gmail.com,Võru,2025-01-23,36,2,377.45000000000005,5,2,2,9,Potential
3836.0,Tiit,Arro,tiit.arro@outlook.com,Tartu,2024-04-07,327,2,346.36,1,2,1,4,At Risk
3837.0,Anu,Paas,anu.paas@mail.ee,Tallinn,2023-07-27,582,4,1170.95,1,4,4,9,Potential
3838.0,Ago,Kivi,ago.kivi@gmail.com,Kuressaare,2024-02-03,391,1,216.18,1,1,1,3,Lost
3839.0,Tõnu,Värk,tonu.vark@outlook.com,Tallinn,2025-02-24,4,4,775.9300000000001,5,4,3,12,Loyal
3840.0,Anna,Pärn,anna.parn@telia.ee,Haapsalu,2025-01-06,53,4,1178.0,5,4,4,13,VIP Champions
3841.0,Taavi,Kõiv,taavi.koiv@yahoo.com,Tallinn,2024-07-27,216,3,692.4200000000001,2,3,3,8,Potential
3842.0,Aivar,Koppel,aivar.koppel@hot.ee,Tallinn,2025-01-01,58,2,370.93,5,2,2,9,Potential
3843.0,Rein,Must,,Tallinn,2024-11-11,109,7,3266.7799999999997,4,5,5,14,VIP Champions
3845.0,Meelis,Oja,meelis.oja@mail.ee,Tallinn,2023-11-03,483,2,511.63,1,2,2,5,At Risk
3846.0,Tiina,Luik,tiina.luik@mail.ee,Tallinn,2024-05-30,274,3,1661.3700000000001,2,3,5,10,Loyal
3847.0,Andres,Kask,andres.kask@yahoo.com,Kuressaare,2024-04-28,306,2,978.77,2,2,4,8,Potential
3848.0,Maie,Rosin,maie.rosin@yahoo.com,Paide,2024-11-15,105,4,677.93,4,4,3,11,Loyal
3849.0,Rasmus,Männik,rasmus.mannik3@gmail.com,Tallinn,2023-10-16,501,4,944.63,1,4,3,8,Potential
3850.0,Piret,Puusepp,piret.puusepp@outlook.com,Tallinn,2024-08-24,188,3,770.39,3,3,3,9,Potential
3851.0,Raivo,Pihl,raivo.pihl@outlook.com,Võru,2024-11-15,105,6,1245.8500000000001,4,5,4,13,VIP Champions
3852.0,Nele,Kivi,nele.kivi@telia.ee,Võru,2024-11-08,112,7,2740.79,4,5,5,14,VIP Champions
3853.0,Olev,Kuusk,olev.kuusk@yahoo.com,Pärnu,2024-07-30,213,2,1129.28,2,2,4,8,Potential
3854.0,Toomas,Kivi,toomas.kivi@hot.ee,Tallinn,2024-04-24,310,3,1255.26,2,3,4,9,Potential
3855.0,Margus,Tammik,margus.tammik@yahoo.com,Pärnu,2024-08-17,195,2,534.3199999999999,3,2,2,7,Potential
3856.0,Kristi,Ilves,kristi.ilves@telia.ee,Tallinn,2024-10-18,133,6,1753.12,3,5,5,13,VIP Champions
3857.0,Grete,Lepik,grete.lepik@outlook.com,Tallinn,2024-12-02,88,3,1805.5299999999997,4,3,5,12,Loyal
3858.0,Annika,Nõmm,annika.nomm@mail.ee,Jõhvi,2024-12-12,78,2,292.34999999999997,4,2,1,7,Potential
3859.0,Priit,Mitt,priit.mitt@yahoo.com,Pärnu,2023-11-29,457,2,345.1,1,2,1,4,At Risk
3861.0,Mihkel,Talvik,mihkel.talvik@hot.ee,Pärnu,2024-12-24,66,5,1503.6200000000001,4,5,5,14,VIP Champions
3862.0,Enn,Liiv,enn.liiv@yahoo.com,Tallinn,2024-09-27,154,2,532.04,3,2,2,7,Potential
3863.0,Jüri,Raid,juri.raid@mail.ee,Tartu,2024-11-20,100,2,937.3299999999999,4,2,3,9,Potential
3864.0,Terje,Rosin,terje.rosin@telia.ee,Tartu,2023-07-23,586,1,208.11,1,1,1,3,Lost
3865.0,Kersti,Nurk,kersti.nurk@telia.ee,Tallinn,2023-11-13,473,3,1009.28,1,3,4,8,Potential
3866.0,Raivo,Laas,raivo.laas@telia.ee,Pärnu,2024-04-10,324,1,50.85,2,1,1,4,At Risk
3867.0,Reet,Mitt,reet.mitt@gmail.com,Tartu,2024-08-25,187,5,2021.71,3,5,5,13,VIP Champions
3868.0,Anu,Paju,anu.paju@yahoo.com,Tallinn,2025-02-06,22,7,1294.08,5,5,4,14,VIP Champions
3869.0,Triin,Pihl,triin.pihl@telia.ee,Pärnu,2024-07-12,231,3,1138.22,2,3,4,9,Potential
3870.0,Sandra,Kaalep,sandra.kaalep@hot.ee,Tallinn,2024-10-04,147,3,1078.3200000000002,3,3,4,10,Loyal
3872.0,Annika,Kaalep,annika.kaalep@mail.ee,Tartu,2023-08-31,547,4,1418.5900000000001,1,4,4,9,Potential
3873.0,Erkki,Mitt,erkki.mitt@yahoo.com,Kuressaare,2024-10-25,126,2,153.74,3,2,1,6,At Risk
3874.0,Katrin,Kuusk,katrin.kuusk@hot.ee,Tallinn,2024-12-22,68,2,273.1,4,2,1,7,Potential
3875.0,Ago,Toom,ago.toom@outlook.com,Viljandi,2024-06-14,259,4,814.17,2,4,3,9,Potential
3876.0,Heli,Kõiv,heli.koiv@yahoo.com,Tallinn,2025-01-28,31,5,686.03,5,5,3,13,VIP Champions
3877.0,Pille,Laas,pille.laas@mail.ee,Narva,2023-11-09,477,1,160.91,1,1,1,3,Lost
3878.0,Heino,Roots,,Tallinn,2025-02-26,2,2,158.21,5,2,1,8,Potential
3879.0,Anna,Roots,anna.roots@mail.ee,Tallinn,2025-02-18,10,5,1554.46,5,5,5,15,VIP Champions
3880.0,Hille,Kangur,hille.kangur@telia.ee,Tartu,2024-03-07,358,3,1095.83,1,3,4,8,Potential
3881.0,Pille,Kallas,pille.kallas@yahoo.com,Tartu,2024-07-24,219,2,473.28,2,2,2,6,At Risk
3882.0,Aivar,Kangur,aivar.kangur@hot.ee,Tartu,2024-12-09,81,5,2136.75,4,5,5,14,VIP Champions
3883.0,Laura,Männik,laura.mannik2@gmail.com,Tallinn,2023-05-08,662,3,675.81,1,3,3,7,Potential
3884.0,Ago,Talvik,,Tartu,2024-11-12,108,3,1286.71,4,3,4,11,Loyal
3885.0,Elis,Lepp,elis.lepp@outlook.com,Paide,2024-03-16,349,3,480.0,1,3,2,6,At Risk
3886.0,Kevin,Ilves,,Tallinn,2024-12-06,84,4,1754.03,4,4,5,13,VIP Champions
3887.0,Jüri,Lill,juri.lill@mail.ee,Valga,2024-12-14,76,2,547.36,4,2,2,8,Potential
3890.0,Sandra,Org,sandra.org2@hot.ee,Tallinn,2024-12-26,64,2,844.8600000000001,4,2,3,9,Potential
3891.0,Rasmus,Toom,rasmus.toom@outlook.com,Tartu,2024-12-22,68,5,433.03999999999996,4,5,2,11,Loyal
3893.0,Ago,Järv,,Tartu,2025-02-10,18,2,591.1899999999999,5,2,2,9,Potential
3894.0,Katrin,Liiv,katrin.liiv@hot.ee,Tallinn,2023-11-08,478,2,172.84,1,2,1,4,At Risk
3895.0,Ago,Toom,ago.toom@yahoo.com,Tallinn,2024-08-18,194,6,1409.1100000000001,3,5,4,12,Loyal
3896.0,Sander,Rosin,sander.rosin@mail.ee,Tallinn,2024-03-15,350,2,479.31,1,2,2,5,At Risk
3897.0,Urmas,Ilves,urmas.ilves@outlook.com,Tallinn,2026-03-27,-392,5,1370.66,5,5,4,14,VIP Champions
3898.0,Grete,Nurk,grete.nurk@yahoo.com,Tallinn,2024-04-29,305,5,2020.0500000000002,2,5,5,12,Loyal
3899.0,Laura,Mets,laura.mets2@hot.ee,Tartu,2025-02-01,27,8,2655.03,5,5,5,15,VIP Champions
3903.0,Taavi,Raud,taavi.raud@hot.ee,Pärnu,2025-01-05,54,3,703.03,5,3,3,11,Loyal
3904.0,Siim,Toom,siim.toom2@gmail.com,Pärnu,2024-06-14,259,2,752.47,2,2,3,7,Potential
3905.0,Sigrid,Mägi,sigrid.magi@outlook.com,Võru,2024-10-15,136,3,1262.6599999999999,3,3,4,10,Loyal
3906.0,Arvo,Lass,,Tallinn,2024-06-11,262,3,548.84,2,3,2,7,Potential
3907.0,Rein,Kõiv,rein.koiv@telia.ee,Tallinn,2024-07-04,239,1,257.32,2,1,1,4,At Risk
3908.0,Piret,Ilves,piret.ilves@outlook.com,Pärnu,2024-05-28,276,1,338.04,2,1,1,4,At Risk
3909.0,Kristi,Toom,kristi.toom@telia.ee,Tallinn,2025-01-19,40,1,282.29,5,1,1,7,Potential
3911.0,Aili,Kukk,aili.kukk@mail.ee,Pärnu,2024-10-12,139,3,783.44,3,3,3,9,Potential
3912.0,Kati,Mägi,kati.magi2@telia.ee,Tallinn,2024-08-09,203,1,218.99,3,1,1,5,At Risk
3913.0,Mihkel,Lepp,mihkel.lepp@mail.ee,Tallinn,2024-11-24,96,2,1187.57,4,2,4,10,Loyal
3914.0,Terje,Luik,terje.luik@mail.ee,Tartu,2024-08-21,191,3,535.86,3,3,2,8,Potential
3915.0,Kristi,Hurt,kristi.hurt@gmail.com,Tartu,2024-10-28,123,3,487.25,3,3,2,8,Potential
3916.0,Liina,Lepp,liina.lepp@gmail.com,Tallinn,2024-11-14,106,1,208.15,4,1,1,6,At Risk
3919.0,Tarmo,Kaalep,tarmo.kaalep@telia.ee,Võru,2024-09-06,175,4,712.53,3,4,3,10,Loyal
3921.0,Jaak,Kukk,jaak.kukk@gmail.com,Tartu,2024-12-17,73,5,1141.7,4,5,4,13,VIP Champions
3922.0,Rein,Kallas,rein.kallas@telia.ee,Jõhvi,2024-07-18,225,1,566.48,2,1,2,5,At Risk
3923.0,Lauri,Kõiv,lauri.koiv@outlook.com,Tartu,2024-06-15,258,2,767.01,2,2,3,7,Potential
3924.0,Rasmus,Org,rasmus.org@gmail.com,Tartu,2025-02-01,27,5,1618.86,5,5,5,15,VIP Champions
3925.0,Toomas,Puusepp,toomas.puusepp2@outlook.com,Tallinn,2024-08-18,194,3,834.11,3,3,3,9,Potential
3927.0,Külli,Järv,kulli.jarv@gmail.com,Tartu,2023-05-14,656,1,140.02,1,1,1,3,Lost
3928.0,Kristiina,Lepp,kristiina.lepp2@outlook.com,Pärnu,2025-01-29,30,6,1492.46,5,5,5,15,VIP Champions
3930.0,Ants,Orav,ants.orav@outlook.com,Tartu,2024-11-09,111,3,569.29,4,3,2,9,Potential
3931.0,Jaak,Raud,,Valga,2023-08-07,571,1,167.23,1,1,1,3,Lost
3932.0,Tarmo,Kask,tarmo.kask@gmail.com,Tallinn,2024-06-20,253,2,429.89,2,2,2,6,At Risk
3934.0,Kadri,Kull,kadri.kull@telia.ee,Kuressaare,2024-10-04,147,2,757.46,3,2,3,8,Potential
3935.0,Toomas,Valk,toomas.valk@telia.ee,Tartu,2024-12-16,74,5,1455.83,4,5,5,14,VIP Champions
3936.0,Margus,Kivi,margus.kivi@hot.ee,Haapsalu,2024-06-09,264,1,519.38,2,1,2,5,At Risk
3937.0,Karin,Mägi,karin.magi@outlook.com,Jõhvi,2023-11-08,478,3,478.31000000000006,1,3,2,6,At Risk
3939.0,Enn,Oja,enn.oja@outlook.com,Paide,2024-08-20,192,7,2340.85,3,5,5,13,VIP Champions
3941.0,Siim,Liiv,siim.liiv@hot.ee,Pärnu,2024-04-08,326,1,685.32,1,1,3,5,At Risk
3942.0,Ragnar,Tamm,ragnar.tamm@mail.ee,Tartu,2025-01-16,43,3,1441.9299999999998,5,3,5,13,VIP Champions
3943.0,Annika,Lõoke,annika.looke@yahoo.com,Tartu,2024-12-30,60,3,800.08,4,3,3,10,Loyal
3944.0,Siim,Tamm,siim.tamm@mail.ee,Pärnu,2024-10-22,129,4,1724.1599999999999,3,4,5,12,Loyal
3945.0,Ene,Rebane,ene.rebane@yahoo.com,Tartu,2024-05-17,287,3,2169.01,2,3,5,10,Loyal
3946.0,Mihkel,Rosin,mihkel.rosin2@yahoo.com,Viljandi,2024-08-16,196,4,1275.29,3,4,4,11,Loyal
3947.0,Sander,Kuusik,sander.kuusik@yahoo.com,Tallinn,2024-11-09,111,1,72.73,4,1,1,6,At Risk
3948.0,Terje,Org,terje.org@mail.ee,Tallinn,2023-03-28,703,1,152.13,1,1,1,3,Lost
3949.0,Margus,Kuusik,,Rakvere,2024-04-25,309,4,1040.09,2,4,4,10,Loyal
3950.0,Aili,Toom,,Pärnu,2024-10-15,136,2,992.2,3,2,4,9,Potential
3952.0,Marko,Liiv,marko.liiv@outlook.com,Jõhvi,2024-06-12,261,4,407.75,2,4,2,8,Potential
3953.0,Karin,Järv,karin.jarv@hot.ee,Paide,2024-01-02,423,6,1009.51,1,5,4,10,Loyal
3954.0,Priit,Teder,priit.teder@hot.ee,Tallinn,2025-02-09,19,3,761.28,5,3,3,11,Loyal
3956.0,Marit,Aas,marit.aas@hot.ee,Tallinn,2024-03-16,349,3,1346.6799999999998,1,3,4,8,Potential
3957.0,Margus,Lepp,margus.lepp@yahoo.com,Tartu,2024-06-02,271,6,2598.19,2,5,5,12,Loyal
3958.0,Meelis,Saar,,Tartu,2024-11-17,103,6,1182.64,4,5,4,13,VIP Champions
3959.0,Ene,Tammik,,Pärnu,2024-12-07,83,4,1105.7,4,4,4,12,Loyal
3961.0,Kalev,Põld,kalev.pold@outlook.com,Tallinn,2025-02-19,9,2,773.5699999999999,5,2,3,10,Loyal
3962.0,Ülle,Teder,,Pärnu,2024-03-25,340,1,49.08,1,1,1,3,Lost
3963.0,Margus,Roots,margus.roots@outlook.com,Pärnu,2024-05-16,288,2,373.44000000000005,2,2,2,6,At Risk
3964.0,Kersti,Männik,kersti.mannik@yahoo.com,Tartu,2023-08-15,563,1,305.7,1,1,1,3,Lost
3965.0,Heino,Lõoke,heino.looke@mail.ee,Tallinn,2024-03-25,340,1,190.78,1,1,1,3,Lost
3966.0,Olev,Kangur,olev.kangur2@telia.ee,Tallinn,2025-01-05,54,3,1516.9,5,3,5,13,VIP Champions
3967.0,Annika,Raid,annika.raid@outlook.com,Tallinn,2024-10-07,144,1,135.99,3,1,1,5,At Risk
3969.0,Kalev,Oja,kalev.oja@gmail.com,Paide,2023-07-06,603,3,442.41999999999996,1,3,2,6,At Risk
3970.0,Kristiina,Järv,kristiina.jarv@telia.ee,Tallinn,2023-11-07,479,4,1150.28,1,4,4,9,Potential
3971.0,Mihkel,Raid,mihkel.raid@hot.ee,Tartu,2024-08-10,202,3,928.6100000000001,3,3,3,9,Potential
3972.0,Kristiina,Kull,kristiina.kull2@hot.ee,Tallinn,2024-01-26,399,5,1154.51,1,5,4,10,Loyal
3973.0,Terje,Pärn,terje.parn@yahoo.com,Tartu,2024-12-07,83,2,388.42,4,2,2,8,Potential
3974.0,Priit,Lass,priit.lass@yahoo.com,Tallinn,2024-12-31,59,4,444.16999999999996,5,4,2,11,Loyal
3975.0,Arvo,Lass,arvo.lass@outlook.com,Pärnu,2024-03-19,346,3,366.49,1,3,2,6,At Risk
3978.0,Tiina,Oja,tiina.oja@telia.ee,Pärnu,2024-07-30,213,1,241.18,2,1,1,4,At Risk
3979.0,Eha,Hurt,eha.hurt@yahoo.com,Narva,2024-09-19,162,2,222.2,3,2,1,6,At Risk
3981.0,Rein,Pihl,rein.pihl@gmail.com,Tallinn,2024-09-27,154,4,674.45,3,4,3,10,Loyal
3982.0,Siim,Toom,siim.toom@yahoo.com,Tallinn,2025-02-07,21,4,654.24,5,4,3,12,Loyal
3984.0,Kati,Tammik,,Valga,2024-05-31,273,6,802.88,2,5,3,10,Loyal
3985.0,Sirje,Valk,sirje.valk@mail.ee,Tallinn,2024-05-12,292,4,599.65,2,4,2,8,Potential
3986.0,Jüri,Nõmm,juri.nomm@gmail.com,Tartu,2025-01-03,56,1,130.73,5,1,1,7,Potential
3987.0,Tiina,Talvik,tiina.talvik2@telia.ee,Pärnu,2023-11-05,481,2,588.61,1,2,2,5,At Risk
3988.0,Väino,Hurt,vaino.hurt@yahoo.com,Tartu,2025-02-15,13,2,584.0600000000001,5,2,2,9,Potential
3990.0,Henri,Lepik,henri.lepik@gmail.com,Tallinn,2024-12-29,61,4,1865.7,4,4,5,13,VIP Champions
3991.0,Väino,Mägi,vaino.magi@hot.ee,Tallinn,2024-12-15,75,2,677.1,4,2,3,9,Potential
3992.0,Kristi,Luik,kristi.luik@yahoo.com,Tartu,2025-01-06,53,3,711.5999999999999,5,3,3,11,Loyal
3993.0,Grete,Arro,grete.arro@hot.ee,Pärnu,2024-04-11,323,4,573.1500000000001,2,4,2,8,Potential
3994.0,Andres,Aas,andres.aas@mail.ee,Pärnu,2024-10-15,136,3,1750.35,3,3,5,11,Loyal
3995.0,Marit,Talvik,marit.talvik@telia.ee,Tallinn,2025-02-02,26,6,1463.4099999999999,5,5,5,15,VIP Champions
3996.0,Heli,Mitt,heli.mitt@outlook.com,Tallinn,2025-02-14,14,5,1081.45,5,5,4,14,VIP Champions
3997.0,Indrek,Arro,indrek.arro@gmail.com,Tartu,2024-12-01,89,3,1247.3700000000001,4,3,4,11,Loyal
3998.0,Nele,Ilves,,Jõhvi,2024-08-03,209,2,880.48,2,2,3,7,Potential
3999.0,Kalev,Salu,kalev.salu@gmail.com,Paide,2024-03-18,347,1,298.94,1,1,1,3,Lost
4000.0,Kristjan,Rand,kristjan.rand2@outlook.com,Kuressaare,2024-09-30,151,3,382.69,3,3,2,8,Potential
4001.0,Elis,Tammik,,Tartu,2024-07-10,233,3,852.1600000000001,2,3,3,8,Potential
4002.0,Triin,Kaalep,triin.kaalep@yahoo.com,Rakvere,2023-12-27,429,3,515.64,1,3,2,6,At Risk
4003.0,Kevin,Paas,kevin.paas@gmail.com,Tallinn,2025-01-31,28,4,531.27,5,4,2,11,Loyal
4004.0,Peeter,Põld,peeter.pold@outlook.com,Viljandi,2024-10-02,149,5,2372.29,3,5,5,13,VIP Champions
4005.0,Toomas,Orav,toomas.orav@outlook.com,Tallinn,2025-02-11,17,1,166.27,5,1,1,7,Potential
4006.0,Elis,Oja,elis.oja@yahoo.com,Narva,2023-09-03,544,5,1385.4299999999998,1,5,4,10,Loyal
4007.0,Sander,Org,sander.org@gmail.com,Haapsalu,2024-05-17,287,1,385.11,2,1,2,5,At Risk
4008.0,Erkki,Arro,erkki.arro@gmail.com,Tallinn,2023-02-21,738,1,695.68,1,1,3,5,At Risk
4009.0,Terje,Kukk,,Tallinn,2024-08-06,206,4,978.93,2,4,4,10,Loyal
4010.0,Kaido,Kaalep,kaido.kaalep@telia.ee,Tallinn,2025-02-18,10,5,1893.77,5,5,5,15,VIP Champions
4011.0,Liina,Teder,liina.teder@telia.ee,Tallinn,2025-02-16,12,5,2302.81,5,5,5,15,VIP Champions
4012.0,Aivar,Kivi,aivar.kivi2@hot.ee,Tallinn,2024-12-27,63,3,1636.68,4,3,5,12,Loyal
4013.0,Piret,Paas,piret.paas@hot.ee,Paide,2023-06-29,610,1,246.97,1,1,1,3,Lost
4014.0,Liis,Kangur,liis.kangur@yahoo.com,Pärnu,2024-11-11,109,5,1549.67,4,5,5,14,VIP Champions
4015.0,Urmas,Teder,urmas.teder@outlook.com,Kuressaare,2025-01-12,47,2,390.78000000000003,5,2,2,9,Potential
4016.0,Sandra,Kuusk,sandra.kuusk@hot.ee,Tartu,2024-08-14,198,1,152.13,3,1,1,5,At Risk
4017.0,Maris,Teder,maris.teder@yahoo.com,Tartu,2024-01-30,395,2,417.69,1,2,2,5,At Risk
4018.0,Terje,Kukk,terje.kukk@gmail.com,Rakvere,2025-02-11,17,58,17149.84,5,5,5,15,VIP Champions
4021.0,Triin,Liiv,triin.liiv@mail.ee,Pärnu,2023-08-10,568,1,332.55,1,1,1,3,Lost
4023.0,Kristi,Järv,kristi.jarv@yahoo.com,Tallinn,2024-12-04,86,6,1194.87,4,5,4,13,VIP Champions
4024.0,Reet,Kõiv,reet.koiv@mail.ee,Tallinn,2024-10-07,144,12,3842.3,3,5,5,13,VIP Champions
4025.0,Tiit,Tamm,tiit.tamm@mail.ee,Tallinn,2023-05-16,654,1,713.14,1,1,3,5,At Risk
4027.0,Kati,Kaalep,kati.kaalep2@outlook.com,Kuressaare,2024-09-27,154,5,1561.03,3,5,5,13,VIP Champions
4028.0,Tiina,Tamm,tiina.tamm@gmail.com,Viljandi,2024-10-12,139,2,559.0,3,2,2,7,Potential
4029.0,Sander,Lass,sander.lass@gmail.com,Tallinn,2025-01-14,45,4,667.76,5,4,3,12,Loyal
4030.0,Arvo,Laas,arvo.laas@gmail.com,Tartu,2023-06-06,633,1,51.58,1,1,1,3,Lost
4031.0,Kristiina,Talvik,kristiina.talvik@hot.ee,Paide,2023-06-12,627,1,167.23,1,1,1,3,Lost
4032.0,Lea,Põld,lea.pold@hot.ee,Tallinn,2024-01-15,410,4,1308.42,1,4,4,9,Potential
4033.0,Külli,Nõmm,kulli.nomm@telia.ee,Tallinn,2024-11-08,112,3,1192.41,4,3,4,11,Loyal
4034.0,Aivar,Hurt,aivar.hurt@outlook.com,Tartu,2023-05-23,647,1,274.78,1,1,1,3,Lost
4035.0,Ülle,Liiv,ulle.liiv@gmail.com,Tallinn,2024-09-03,178,2,522.22,3,2,2,7,Potential
4036.0,Terje,Arro,terje.arro@telia.ee,Pärnu,2024-08-24,188,4,683.29,3,4,3,10,Loyal
4037.0,Külli,Järv,kulli.jarv2@telia.ee,Tartu,2024-05-12,292,1,145.46,2,1,1,4,At Risk
4038.0,Lea,Lill,lea.lill@mail.ee,Tallinn,2024-12-19,71,5,2387.34,4,5,5,14,VIP Champions
4039.0,Annika,Lass,annika.lass@hot.ee,Tallinn,2024-02-10,384,3,1207.37,1,3,4,8,Potential
4040.0,Aili,Mägi,aili.magi@telia.ee,Viljandi,2024-11-06,114,4,850.11,4,4,3,11,Loyal
4041.0,Terje,Kuusk,terje.kuusk@outlook.com,Tallinn,2023-11-22,464,1,311.68,1,1,1,3,Lost
4042.0,Reet,Puusepp,reet.puusepp@gmail.com,Tallinn,2024-12-02,88,1,153.62,4,1,1,6,At Risk
4043.0,Kati,Pihl,kati.pihl@gmail.com,Tartu,2024-12-22,68,4,1783.84,4,4,5,13,VIP Champions
4044.0,Jüri,Talvik,juri.talvik2@outlook.com,Tallinn,2024-09-28,153,6,1087.12,3,5,4,12,Loyal
4045.0,Sigrid,Paas,sigrid.paas@outlook.com,Tartu,2024-08-09,203,7,2197.05,3,5,5,13,VIP Champions
4046.0,Hille,Mägi,hille.magi@hot.ee,Tallinn,2025-02-20,8,2,592.39,5,2,2,9,Potential
4047.0,Grete,Kukk,grete.kukk3@hot.ee,Tallinn,2024-10-07,144,2,140.01999999999998,3,2,1,6,At Risk
4048.0,Maris,Sild,maris.sild@hot.ee,Tallinn,2023-09-18,529,2,839.56,1,2,3,6,At Risk
4050.0,Pille,Roots,pille.roots@outlook.com,Pärnu,2024-12-29,61,3,1411.55,4,3,4,11,Loyal
4051.0,Peeter,Rosin,peeter.rosin@hot.ee,Tallinn,2025-02-23,5,1,317.88,5,1,1,7,Potential
4053.0,Kati,Teder,kati.teder@yahoo.com,Tallinn,2025-01-06,53,3,2037.1100000000001,5,3,5,13,VIP Champions
4054.0,Enn,Veski,enn.veski@outlook.com,Tallinn,2024-07-08,235,5,1277.72,2,5,4,11,Loyal
4055.0,Nele,Koppel,nele.koppel@mail.ee,Tallinn,2024-10-09,142,5,997.52,3,5,4,12,Loyal
4056.0,Hille,Männik,,Tallinn,2024-04-21,313,2,139.27,2,2,1,5,At Risk
4057.0,Ragnar,Kull,,Pärnu,2023-11-20,466,2,627.97,1,2,2,5,At Risk
4058.0,Ants,Liiv,ants.liiv@telia.ee,Tallinn,2024-04-09,325,3,613.21,1,3,2,6,At Risk
4059.0,Siim,Liiv,siim.liiv@yahoo.com,Tallinn,2024-10-01,150,3,415.17,3,3,2,8,Potential
4060.0,Marika,Saar,marika.saar@mail.ee,Tartu,2024-07-14,229,2,285.56,2,2,1,5,At Risk
4063.0,Reet,Lill,reet.lill@telia.ee,Jõhvi,2023-12-21,435,2,1115.91,1,2,4,7,Potential
4064.0,Piret,Paju,,Tallinn,2024-06-30,243,2,647.83,2,2,3,7,Potential
4065.0,Kristjan,Kangur,kristjan.kangur@outlook.com,Pärnu,2024-01-28,397,2,168.61,1,2,1,4,At Risk
4066.0,Enn,Värk,,Tartu,2024-07-15,228,2,1205.43,2,2,4,8,Potential
4067.0,Terje,Rebane,terje.rebane2@outlook.com,Tallinn,2024-08-22,190,1,337.64,3,1,1,5,At Risk
4069.0,Indrek,Arro,indrek.arro@outlook.com,Tallinn,2025-02-10,18,3,497.29,5,3,2,10,Loyal
4070.0,Kristiina,Mitt,kristiina.mitt@outlook.com,Jõhvi,2024-07-04,239,6,1225.02,2,5,4,11,Loyal
4071.0,Meelis,Mitt,,Viljandi,2024-11-01,119,2,332.28,4,2,1,7,Potential
4072.0,Jüri,Org,juri.org@outlook.com,Rakvere,2024-08-13,199,2,590.7,3,2,2,7,Potential
4073.0,Henri,Vaher,,Narva,2023-08-02,576,2,102.28999999999999,1,2,1,4,At Risk
4074.0,Priit,Valk,priit.valk@gmail.com,Võru,2025-01-18,41,2,603.76,5,2,2,9,Potential
4075.0,Väino,Orav,vaino.orav@gmail.com,Haapsalu,2023-06-19,620,2,657.83,1,2,3,6,At Risk
4076.0,Merike,Kangur,merike.kangur@gmail.com,Tartu,2024-12-31,59,10,4471.93,5,5,5,15,VIP Champions
4077.0,Kristi,Mets,kristi.mets@hot.ee,Võru,2024-10-09,142,3,453.27,3,3,2,8,Potential
4078.0,Elis,Kallas,elis.kallas@gmail.com,Pärnu,2023-10-24,493,3,334.75,1,3,1,5,At Risk
4079.0,Liina,Kuusk,liina.kuusk@hot.ee,Rakvere,2023-07-20,589,1,201.86,1,1,1,3,Lost
4080.0,Katrin,Paas,katrin.paas@mail.ee,Tallinn,2024-12-15,75,4,1222.27,4,4,4,12,Loyal
4081.0,Madis,Lepp,madis.lepp@telia.ee,Tallinn,2025-02-04,24,3,447.08,5,3,2,10,Loyal
4082.0,Mihkel,Tammik,mihkel.tammik@yahoo.com,Tallinn,2025-01-28,31,5,1246.99,5,5,4,14,VIP Champions
4083.0,Aivar,Mitt,,Tallinn,2023-08-23,555,3,349.97,1,3,2,6,At Risk
4085.0,Sandra,Lill,sandra.lill@hot.ee,Tallinn,2023-12-17,439,3,543.0,1,3,2,6,At Risk
4086.0,Terje,Männik,terje.mannik@hot.ee,Tallinn,2025-02-16,12,3,1000.06,5,3,4,12,Loyal
4087.0,Pille,Pärn,pille.parn@yahoo.com,Valga,2025-01-06,53,3,1356.8300000000002,5,3,4,12,Loyal
4088.0,Kristiina,Valk,,Tartu,2023-11-26,460,4,870.08,1,4,3,8,Potential
4089.0,Taavi,Lill,taavi.lill@mail.ee,Kuressaare,2023-07-28,581,1,62.56,1,1,1,3,Lost
4090.0,Terje,Rosin,terje.rosin2@telia.ee,Tallinn,2024-11-20,100,2,397.38,4,2,2,8,Potential
4095.0,Ants,Järv,ants.jarv@mail.ee,Tartu,2025-02-03,25,1,327.06,5,1,1,7,Potential
4096.0,Sandra,Lõoke,sandra.looke@telia.ee,Narva,2023-10-23,494,3,292.57,1,3,1,5,At Risk
4097.0,Tarmo,Kull,tarmo.kull@gmail.com,Võru,2023-08-29,549,2,496.8,1,2,2,5,At Risk
4098.0,Karin,Kask,karin.kask@outlook.com,Tallinn,2024-05-12,292,1,617.68,2,1,2,5,At Risk
4099.0,Kati,Rosin,kati.rosin@telia.ee,Pärnu,2023-08-26,552,1,443.78,1,1,2,4,At Risk
4100.0,Pille,Saar,pille.saar@hot.ee,Tartu,2024-05-21,283,5,1206.47,2,5,4,11,Loyal
4102.0,Reet,Roots,reet.roots@yahoo.com,Viljandi,2025-02-10,18,3,1005.5600000000001,5,3,4,12,Loyal
4103.0,Lea,Salu,lea.salu@gmail.com,Tallinn,2024-11-21,99,3,315.49,4,3,1,8,Potential
4104.0,Aivar,Laas,aivar.laas@yahoo.com,Viljandi,2024-08-06,206,1,114.16,2,1,1,4,At Risk
4105.0,Karin,Põld,karin.pold@mail.ee,Tartu,2025-01-21,38,5,1108.15,5,5,4,14,VIP Champions
4106.0,Marko,Hurt,marko.hurt@telia.ee,Tartu,2023-09-28,519,2,647.02,1,2,3,6,At Risk
4107.0,Eha,Aas,eha.aas@yahoo.com,Narva,2024-08-20,192,3,405.76,3,3,2,8,Potential
4108.0,Ants,Rosin,ants.rosin@outlook.com,Narva,2024-04-28,306,2,328.35,2,2,1,5,At Risk
4111.0,Nele,Kuusik,nele.kuusik@outlook.com,Kuressaare,2024-09-08,173,1,292.61,3,1,1,5,At Risk
4113.0,Ülle,Teder,ulle.teder@yahoo.com,Tallinn,2026-03-17,-382,4,873.33,5,4,3,12,Loyal
4114.0,Heino,Nõmm,heino.nomm@telia.ee,Jõhvi,2024-12-14,76,4,631.71,4,4,2,10,Loyal
4115.0,Siim,Aas,siim.aas@mail.ee,Tartu,2025-02-04,24,7,2521.85,5,5,5,15,VIP Champions
4116.0,Hille,Lass,hille.lass@gmail.com,Tartu,2024-05-07,297,2,284.83000000000004,2,2,1,5,At Risk
4117.0,Jüri,Kallas,juri.kallas@outlook.com,Võru,2024-01-01,424,1,299.1,1,1,1,3,Lost
4118.0,Priit,Rand,priit.rand@gmail.com,Tartu,2024-12-27,63,1,221.89,4,1,1,6,At Risk
4119.0,Ago,Toom,ago.toom@hot.ee,Võru,2024-12-30,60,7,1938.78,4,5,5,14,VIP Champions
4120.0,Anna,Valk,anna.valk@hot.ee,Narva,2024-03-17,348,5,1606.04,1,5,5,11,Loyal
4122.0,Jüri,Lepik,,Võru,2025-01-28,31,3,470.3,5,3,2,10,Loyal
4124.0,Henri,Kull,henri.kull@hot.ee,Võru,2023-11-18,468,1,60.37,1,1,1,3,Lost
4125.0,Sandra,Kask,sandra.kask@telia.ee,Tartu,2024-02-14,380,1,279.43,1,1,1,3,Lost
4127.0,Tõnu,Rosin,tonu.rosin@yahoo.com,Tallinn,2025-02-01,27,5,1871.99,5,5,5,15,VIP Champions
4129.0,Marko,Mägi,marko.magi@telia.ee,Pärnu,2026-02-20,-357,5,745.13,5,5,3,13,VIP Champions
4130.0,Sandra,Tammik,sandra.tammik@gmail.com,Tartu,2025-02-24,4,2,784.25,5,2,3,10,Loyal
4131.0,Väino,Aas,vaino.aas2@yahoo.com,Tallinn,2024-05-06,298,2,296.3,2,2,1,5,At Risk
4132.0,Ragnar,Kukk,ragnar.kukk@outlook.com,Paide,2025-01-24,35,4,1804.3,5,4,5,14,VIP Champions
4133.0,Kevin,Raid,kevin.raid@gmail.com,Tallinn,2024-10-26,125,3,993.72,3,3,4,10,Loyal
4134.0,Ene,Aas,ene.aas@gmail.com,Jõhvi,2024-06-26,247,1,74.7,2,1,1,4,At Risk
4135.0,Mart,Kull,mart.kull@telia.ee,Tartu,2024-06-19,254,2,1198.47,2,2,4,8,Potential
4136.0,Indrek,Kuusk,indrek.kuusk@yahoo.com,Paide,2024-04-10,324,2,535.48,2,2,2,6,At Risk
4137.0,Rain,Sild,rain.sild@yahoo.com,Tallinn,2024-04-29,305,3,1048.65,2,3,4,9,Potential
4138.0,Rasmus,Must,rasmus.must@hot.ee,Tartu,2024-04-16,318,4,637.64,2,4,3,9,Potential
4139.0,Kristiina,Männik,kristiina.mannik@hot.ee,Võru,2025-02-18,10,2,259.76,5,2,1,8,Potential
4140.0,Urmas,Mägi,urmas.magi@yahoo.com,Pärnu,2024-04-03,331,2,588.63,1,2,2,5,At Risk
4141.0,Merle,Tamm,merle.tamm@gmail.com,Valga,2024-08-26,186,5,1925.8600000000001,3,5,5,13,VIP Champions
4142.0,Jaak,Rand,jaak.rand@telia.ee,Tallinn,2024-11-29,91,2,1189.47,4,2,4,10,Loyal
4144.0,Nele,Nurk,,Haapsalu,2024-09-13,168,6,2084.28,3,5,5,13,VIP Champions
4145.0,Nele,Valk,nele.valk@hot.ee,Pärnu,2024-11-16,104,4,922.89,4,4,3,11,Loyal
4146.0,Elis,Kuusk,elis.kuusk@mail.ee,Tallinn,2023-08-01,577,3,1505.4,1,3,5,9,Potential
4147.0,Tõnu,Koppel,tonu.koppel@telia.ee,Rakvere,2023-12-16,440,1,368.14,1,1,2,4,At Risk
4148.0,Laura,Pihl,laura.pihl@outlook.com,Pärnu,2024-12-29,61,1,125.98,4,1,1,6,At Risk
4149.0,Triin,Lõhmus,,Tartu,2025-01-31,28,5,1963.82,5,5,5,15,VIP Champions
4150.0,Kaido,Roots,kaido.roots@gmail.com,Pärnu,2024-06-19,254,6,1063.21,2,5,4,11,Loyal
4151.0,Sigrid,Oja,sigrid.oja@telia.ee,Tartu,2023-07-21,588,1,53.24,1,1,1,3,Lost
4153.0,Raivo,Raid,,Jõhvi,2024-12-13,77,2,532.05,4,2,2,8,Potential
4155.0,Kristjan,Ilves,,Tallinn,2025-02-07,21,2,866.84,5,2,3,10,Loyal
4156.0,Enn,Org,enn.org@telia.ee,Tallinn,2025-02-20,8,2,581.7,5,2,2,9,Potential
4157.0,Margus,Liiv,margus.liiv@hot.ee,Tartu,2024-08-06,206,3,1727.42,2,3,5,10,Loyal
4158.0,Lauri,Roots,lauri.roots@telia.ee,Tallinn,2024-10-03,148,3,1170.0500000000002,3,3,4,10,Loyal
4159.0,Urmas,Lepp,urmas.lepp@telia.ee,Viljandi,2024-05-20,284,1,171.33,2,1,1,4,At Risk
4160.0,Ülle,Vaher,ulle.vaher@mail.ee,Tallinn,2025-01-18,41,7,3559.3900000000003,5,5,5,15,VIP Champions
4161.0,Enn,Kuusk,enn.kuusk@telia.ee,Kuressaare,2024-10-08,143,1,430.26,3,1,2,6,At Risk
4162.0,Sigrid,Nõmm,sigrid.nomm@hot.ee,Tartu,2024-10-31,120,1,140.02,3,1,1,5,At Risk
4163.0,Elis,Rand,elis.rand@hot.ee,Tallinn,2025-01-12,47,1,257.32,5,1,1,7,Potential
4164.0,Hille,Lepik,hille.lepik@hot.ee,Tartu,2024-05-10,294,4,1441.99,2,4,5,11,Loyal
4166.0,Siim,Kask,siim.kask@outlook.com,Valga,2024-09-19,162,4,468.20000000000005,3,4,2,9,Potential
4167.0,Meelis,Kuusik,meelis.kuusik2@yahoo.com,Tartu,2023-11-14,472,6,1475.97,1,5,5,11,Loyal
4168.0,Priit,Lass,priit.lass@gmail.com,Tartu,2025-01-30,29,2,927.11,5,2,3,10,Loyal
4169.0,Külli,Mägi,kulli.magi@gmail.com,Tallinn,2024-12-06,84,2,531.77,4,2,2,8,Potential
4170.0,Mart,Mägi,mart.magi@yahoo.com,Tallinn,2024-05-05,299,2,288.0,2,2,1,5,At Risk
4171.0,Aivar,Teder,aivar.teder@gmail.com,Tallinn,2024-09-05,176,2,581.2,3,2,2,7,Potential
4173.0,Marika,Arro,marika.arro@outlook.com,Tallinn,2024-08-04,208,3,715.9,2,3,3,8,Potential
4174.0,Priit,Roots,priit.roots@outlook.com,Tallinn,2024-12-28,62,4,557.84,4,4,2,10,Loyal
4175.0,Meelis,Mets,meelis.mets@gmail.com,Tallinn,2023-12-30,426,3,831.13,1,3,3,7,Potential
4176.0,Triin,Tammik,triin.tammik@gmail.com,Pärnu,2024-10-29,122,6,2828.68,3,5,5,13,VIP Champions
4177.0,Taavi,Järv,taavi.jarv2@telia.ee,Tartu,2024-12-13,77,6,753.47,4,5,3,12,Loyal
4178.0,Ago,Lõoke,ago.looke@telia.ee,Jõhvi,2026-04-02,-398,67,20088.32,5,5,5,15,VIP Champions
4179.0,Katrin,Kaalep,katrin.kaalep@telia.ee,Pärnu,2024-04-04,330,2,814.85,1,2,3,6,At Risk
4180.0,Grete,Rand,grete.rand@telia.ee,Narva,2024-08-26,186,1,167.94,3,1,1,5,At Risk
4181.0,Katrin,Kivi,katrin.kivi@telia.ee,Tallinn,2024-02-14,380,2,275.73,1,2,1,4,At Risk
4182.0,Indrek,Tamm,indrek.tamm@telia.ee,Tallinn,2023-10-02,515,1,642.2,1,1,3,5,At Risk
4184.0,Erkki,Valk,erkki.valk@hot.ee,Tallinn,2024-05-07,297,4,1482.3600000000001,2,4,5,11,Loyal
4185.0,Madis,Pihl,madis.pihl@telia.ee,Kuressaare,2025-01-24,35,2,1327.98,5,2,4,11,Loyal
4186.0,Rasmus,Mägi,rasmus.magi2@gmail.com,Tartu,2023-06-02,637,1,83.97,1,1,1,3,Lost
4187.0,Marko,Rosin,marko.rosin@gmail.com,Tallinn,2024-12-06,84,1,204.87,4,1,1,6,At Risk
4188.0,Rain,Laas,rain.laas@gmail.com,Tallinn,2024-07-23,220,2,585.72,2,2,2,6,At Risk
4189.0,Arvo,Salu,arvo.salu@yahoo.com,Tallinn,2024-12-21,69,1,626.16,4,1,2,7,Potential
4190.0,Kevin,Hurt,kevin.hurt@gmail.com,Haapsalu,2024-12-05,85,4,2048.3199999999997,4,4,5,13,VIP Champions
4191.0,Ülle,Toom,ulle.toom@telia.ee,Tallinn,2024-08-18,194,6,1680.43,3,5,5,13,VIP Champions
4192.0,Maie,Mägi,maie.magi@mail.ee,Tallinn,2024-10-03,148,3,687.69,3,3,3,9,Potential
4193.0,Heli,Põld,heli.pold@outlook.com,Pärnu,2023-12-13,443,4,546.73,1,4,2,7,Potential
4194.0,Priit,Lill,priit.lill@telia.ee,Tartu,2024-06-25,248,3,2013.4,2,3,5,10,Loyal
4195.0,Annika,Sild,annika.sild@hot.ee,Tartu,2025-02-19,9,3,644.88,5,3,3,11,Loyal
4196.0,Taavi,Puusepp,taavi.puusepp@hot.ee,Tallinn,2024-12-31,59,2,826.63,5,2,3,10,Loyal
4198.0,Reet,Kuusik,reet.kuusik@mail.ee,Tallinn,2024-12-13,77,5,2021.9900000000002,4,5,5,14,VIP Champions
4199.0,Grete,Rand,,Tallinn,2025-02-26,2,1,503.04,5,1,2,8,Potential
4200.0,Kristi,Mets,kristi.mets@mail.ee,Pärnu,2024-11-29,91,3,504.03,4,3,2,9,Potential
4201.0,Marika,Mitt,marika.mitt@gmail.com,Tallinn,2025-02-21,7,2,187.12,5,2,1,8,Potential
4202.0,Ene,Rand,ene.rand2@telia.ee,Narva,2024-06-09,264,1,296.4,2,1,1,4,At Risk
4203.0,Siim,Koppel,siim.koppel@telia.ee,Tartu,2024-09-22,159,3,1080.4499999999998,3,3,4,10,Loyal
4205.0,Kristi,Aas,kristi.aas@gmail.com,Võru,2024-03-15,350,7,2524.59,1,5,5,11,Loyal
4206.0,Kersti,Lill,kersti.lill@telia.ee,Tallinn,2025-02-28,0,69,21916.75,5,5,5,15,VIP Champions
4207.0,Kadri,Must,kadri.must@yahoo.com,Tallinn,2024-11-15,105,6,2079.9,4,5,5,14,VIP Champions
4208.0,Mihkel,Lõhmus,mihkel.lohmus@yahoo.com,Tallinn,2024-06-29,244,2,345.79,2,2,1,5,At Risk
4209.0,Kristiina,Oja,kristiina.oja@outlook.com,Tallinn,2024-07-04,239,1,416.7,2,1,2,5,At Risk
4210.0,Arvo,Roots,,Tartu,2024-12-19,71,5,1042.96,4,5,4,13,VIP Champions
4212.0,Kalev,Saar,kalev.saar@hot.ee,Tallinn,2025-01-18,41,8,1446.04,5,5,5,15,VIP Champions
4213.0,Ants,Hurt,ants.hurt@gmail.com,Tallinn,2024-07-21,222,3,755.1700000000001,2,3,3,8,Potential
4214.0,Marko,Paju,marko.paju2@gmail.com,Tartu,2024-05-28,276,2,443.45,2,2,2,6,At Risk
4215.0,Henri,Valk,henri.valk@telia.ee,Tartu,2023-05-26,644,1,509.85,1,1,2,4,At Risk
4217.0,Mart,Kuusik,mart.kuusik@outlook.com,Tartu,2024-01-07,418,4,2216.37,1,4,5,10,Loyal
4218.0,Taavi,Liiv,taavi.liiv@mail.ee,Valga,2024-07-01,242,2,524.5699999999999,2,2,2,6,At Risk
4219.0,Merle,Kuusk,merle.kuusk@yahoo.com,Tallinn,2024-07-22,221,4,983.3900000000001,2,4,4,10,Loyal
4220.0,Kadri,Kukk,kadri.kukk@gmail.com,Tallinn,2025-02-20,8,6,1970.4199999999998,5,5,5,15,VIP Champions
4221.0,Madis,Kõiv,madis.koiv@gmail.com,Tartu,2024-06-27,246,4,1059.47,2,4,4,10,Loyal
4222.0,Peeter,Rebane,peeter.rebane@outlook.com,Tartu,2024-10-12,139,1,573.68,3,1,2,6,At Risk
4224.0,Riina,Valk,riina.valk@yahoo.com,Tartu,2024-03-14,351,2,304.61,1,2,1,4,At Risk
4226.0,Ago,Kallas,ago.kallas@hot.ee,Tartu,2023-12-08,448,2,855.58,1,2,3,6,At Risk
4227.0,Lea,Nurk,lea.nurk@outlook.com,Tallinn,2024-12-06,84,4,1874.6599999999999,4,4,5,13,VIP Champions
4229.0,Maris,Luik,maris.luik@telia.ee,Kuressaare,2024-08-06,206,7,3434.64,2,5,5,12,Loyal
4230.0,Lauri,Männik,lauri.mannik@mail.ee,Pärnu,2024-12-10,80,6,2328.05,4,5,5,14,VIP Champions
4232.0,Siim,Mägi,siim.magi@outlook.com,Tallinn,2025-02-13,15,5,1052.07,5,5,4,14,VIP Champions
4234.0,Ragnar,Lill,ragnar.lill2@mail.ee,Tartu,2024-01-04,421,3,722.0699999999999,1,3,3,7,Potential
4235.0,Erkki,Tammik,,Tallinn,2024-11-04,116,3,673.1600000000001,4,3,3,10,Loyal
4238.0,Elis,Laas,elis.laas2@gmail.com,Tallinn,2024-08-22,190,3,1388.06,3,3,4,10,Loyal
4239.0,Tarmo,Laas,tarmo.laas@hot.ee,Tallinn,2023-08-12,566,5,993.57,1,5,4,10,Loyal
4240.0,Taavi,Vaher,taavi.vaher@yahoo.com,Pärnu,2025-01-30,29,3,796.53,5,3,3,11,Loyal
4241.0,Arvo,Mägi,arvo.magi@gmail.com,Võru,2023-02-25,734,1,169.08,1,1,1,3,Lost
4242.0,Kevin,Paju,kevin.paju@gmail.com,Tallinn,2024-10-22,129,4,1363.81,3,4,4,11,Loyal
4243.0,Piret,Rebane,piret.rebane@yahoo.com,Tallinn,2024-08-03,209,4,1041.03,2,4,4,10,Loyal
4244.0,Ene,Lass,ene.lass@outlook.com,Tartu,2023-03-23,708,2,585.4300000000001,1,2,2,5,At Risk
4245.0,Indrek,Aas,,Kuressaare,2024-10-18,133,7,2097.78,3,5,5,13,VIP Champions
4246.0,Sandra,Lill,sandra.lill@yahoo.com,Tallinn,2024-06-19,254,1,90.8,2,1,1,4,At Risk
4248.0,Toomas,Toom,toomas.toom@outlook.com,Tallinn,2024-10-11,140,2,1093.44,3,2,4,9,Potential
4249.0,Piret,Vaher,piret.vaher@mail.ee,Tallinn,2024-06-02,271,3,838.5600000000001,2,3,3,8,Potential
4250.0,Triin,Rosin,triin.rosin@gmail.com,Tartu,2025-02-20,8,1,55.04,5,1,1,7,Potential
4251.0,Heli,Puusepp,heli.puusepp@mail.ee,Tallinn,2024-07-11,232,3,899.26,2,3,3,8,Potential
4252.0,Katrin,Kaalep,katrin.kaalep@gmail.com,Tallinn,2024-09-26,155,3,816.89,3,3,3,9,Potential
4253.0,Henri,Puusepp,henri.puusepp@hot.ee,Tartu,2025-02-09,19,2,588.85,5,2,2,9,Potential
4254.0,Heli,Org,heli.org@outlook.com,Viljandi,2024-07-06,237,1,269.88,2,1,1,4,At Risk
4255.0,Liis,Mägi,liis.magi@hot.ee,Rakvere,2024-03-30,335,4,2594.2699999999995,1,4,5,10,Loyal
4256.0,Kristiina,Lill,kristiina.lill2@mail.ee,Tallinn,2024-12-22,68,2,1033.56,4,2,4,10,Loyal
4257.0,Väino,Tamm,vaino.tamm@yahoo.com,Paide,2024-10-31,120,1,602.31,3,1,2,6,At Risk
4258.0,Toomas,Kangur,toomas.kangur@outlook.com,Pärnu,2024-04-21,313,2,518.63,2,2,2,6,At Risk
4259.0,Annika,Paas,annika.paas@gmail.com,Pärnu,2024-07-24,219,10,2546.41,2,5,5,12,Loyal
4260.0,Riina,Koppel,,Tartu,2024-11-23,97,6,864.75,4,5,3,12,Loyal
4261.0,Mart,Kallas,mart.kallas@yahoo.com,Narva,2024-09-08,173,6,1873.04,3,5,5,13,VIP Champions
4262.0,Erkki,Rand,erkki.rand@outlook.com,Tallinn,2024-06-09,264,2,362.97,2,2,2,6,At Risk
4263.0,Külli,Tamm,kulli.tamm@outlook.com,Tallinn,2024-11-20,100,4,610.0699999999999,4,4,2,10,Loyal
4264.0,Kalev,Kukk,kalev.kukk@gmail.com,Tallinn,2024-10-01,150,3,373.31,3,3,2,8,Potential
4265.0,Aili,Sepp,aili.sepp@outlook.com,Pärnu,2024-03-09,356,2,212.82,1,2,1,4,At Risk
4266.0,Kadri,Kuusk,kadri.kuusk2@hot.ee,Viljandi,2024-02-05,389,4,1243.03,1,4,4,9,Potential
4267.0,Sirje,Roots,sirje.roots@hot.ee,Tartu,2024-12-11,79,1,50.77,4,1,1,6,At Risk
4268.0,Ants,Mets,,Tartu,2023-10-17,500,1,408.9,1,1,2,4,At Risk
4269.0,Maie,Mets,,Tallinn,2024-11-24,96,4,957.55,4,4,3,11,Loyal
4270.0,Annika,Kangur,annika.kangur@mail.ee,Rakvere,2025-02-18,10,4,750.7,5,4,3,12,Loyal
4271.0,Madis,Rand,madis.rand@outlook.com,Tartu,2023-07-03,606,2,1136.38,1,2,4,7,Potential
4273.0,Kadri,Lill,kadri.lill@yahoo.com,Tallinn,2024-08-29,183,1,234.99,3,1,1,5,At Risk
4274.0,Andres,Männik,andres.mannik2@gmail.com,Tartu,2024-08-16,196,4,668.22,3,4,3,10,Loyal
4276.0,Marit,Kuusik,marit.kuusik@mail.ee,Tallinn,2024-09-15,166,3,492.54,3,3,2,8,Potential
4277.0,Ragnar,Raud,ragnar.raud@hot.ee,Tallinn,2025-02-21,7,3,857.0300000000001,5,3,3,11,Loyal
4279.0,Ülle,Raid,ulle.raid@mail.ee,Tallinn,2024-06-18,255,4,1036.5700000000002,2,4,4,10,Loyal
4280.0,Raivo,Lass,raivo.lass@outlook.com,Tartu,2025-02-08,20,4,1305.22,5,4,4,13,VIP Champions
4281.0,Heli,Värk,heli.vark@hot.ee,Tallinn,2023-09-09,538,2,107.63,1,2,1,4,At Risk
4282.0,Siim,Kuusik,,Tallinn,2025-02-03,25,1,269.88,5,1,1,7,Potential
4283.0,Kalev,Liiv,kalev.liiv@gmail.com,Tallinn,2025-02-07,21,2,253.36,5,2,1,8,Potential
4284.0,Henri,Toom,henri.toom@gmail.com,Tartu,2025-01-04,55,3,492.91999999999996,5,3,2,10,Loyal
4285.0,Merike,Roots,merike.roots@gmail.com,Tallinn,2024-06-20,253,3,896.4,2,3,3,8,Potential
4286.0,Anna,Org,anna.org@gmail.com,Tartu,2024-09-02,179,7,3708.37,3,5,5,13,VIP Champions
4287.0,Pille,Pärn,pille.parn@outlook.com,Rakvere,2023-08-30,548,3,1080.91,1,3,4,8,Potential
4288.0,Kevin,Rand,kevin.rand@telia.ee,Tartu,2024-12-05,85,6,2384.6899999999996,4,5,5,14,VIP Champions
4290.0,Liis,Koppel,liis.koppel@mail.ee,Pärnu,2025-01-26,33,2,472.33,5,2,2,9,Potential
4291.0,Karin,Koppel,karin.koppel@hot.ee,Tallinn,2024-04-05,329,3,347.43,1,3,2,6,At Risk
4292.0,Kristjan,Puusepp,kristjan.puusepp@gmail.com,Tallinn,2024-12-08,82,2,462.1,4,2,2,8,Potential
4293.0,Jüri,Valk,juri.valk@gmail.com,Tartu,2024-12-17,73,4,1719.52,4,4,5,13,VIP Champions
4294.0,Ago,Lepp,ago.lepp@hot.ee,Võru,2024-12-16,74,8,1781.05,4,5,5,14,VIP Champions
4295.0,Meelis,Kangur,meelis.kangur@mail.ee,Rakvere,2024-12-30,60,3,283.67,4,3,1,8,Potential
4297.0,Toomas,Puusepp,toomas.puusepp3@outlook.com,Narva,2025-02-19,9,2,1000.3600000000001,5,2,4,11,Loyal
4299.0,Hille,Sild,,Tallinn,2023-11-25,461,1,615.66,1,1,2,4,At Risk
4300.0,Väino,Põld,vaino.pold@telia.ee,Tallinn,2024-05-31,273,1,219.19,2,1,1,4,At Risk
4301.0,Liis,Arro,liis.arro@gmail.com,Tallinn,2024-11-15,105,4,326.55,4,4,1,9,Potential
4303.0,Elis,Nurk,elis.nurk@telia.ee,Pärnu,2024-07-27,216,1,31.65,2,1,1,4,At Risk
4304.0,Jaak,Liiv,jaak.liiv@mail.ee,Kuressaare,2024-11-03,117,2,1383.0600000000002,4,2,4,10,Loyal
4306.0,Kristiina,Lepp,kristiina.lepp@hot.ee,Tartu,2024-01-13,412,1,290.32,1,1,1,3,Lost
4307.0,Merike,Rebane,merike.rebane@outlook.com,Kuressaare,2024-11-22,98,5,1797.99,4,5,5,14,VIP Champions
4308.0,Terje,Teder,terje.teder@outlook.com,Tallinn,2023-12-13,443,2,568.46,1,2,2,5,At Risk
4309.0,Reet,Saar,reet.saar@outlook.com,Tallinn,2024-02-06,388,2,254.12,1,2,1,4,At Risk
4310.0,Priit,Lill,priit.lill@gmail.com,Tallinn,2024-10-09,142,6,1215.88,3,5,4,12,Loyal
4311.0,Ene,Männik,,Tallinn,2024-11-10,110,4,1425.02,4,4,4,12,Loyal
4312.0,Erkki,Hurt,erkki.hurt@mail.ee,Tallinn,2024-10-02,149,8,1828.48,3,5,5,13,VIP Champions
4313.0,Jaak,Rebane,jaak.rebane@outlook.com,Tartu,2023-06-02,637,1,121.51,1,1,1,3,Lost
4314.0,Arvo,Lill,arvo.lill@yahoo.com,Pärnu,2025-01-26,33,7,1953.47,5,5,5,15,VIP Champions
4315.0,Tarmo,Hurt,tarmo.hurt@mail.ee,Tallinn,2024-03-31,334,3,932.3100000000001,1,3,3,7,Potential
4316.0,Reet,Talvik,reet.talvik@mail.ee,Tallinn,2024-12-04,86,6,1419.96,4,5,4,13,VIP Champions
4317.0,Annika,Pihl,,Tallinn,2024-12-10,80,5,1171.29,4,5,4,13,VIP Champions
4318.0,Sander,Nõmm,sander.nomm@telia.ee,Tallinn,2024-09-23,158,2,518.5,3,2,2,7,Potential
4319.0,Sigrid,Kivi,sigrid.kivi@mail.ee,Narva,2024-03-09,356,3,792.49,1,3,3,7,Potential
4321.0,Karin,Mets,,Tallinn,2024-05-01,303,4,864.9300000000001,2,4,3,9,Potential
4322.0,Anna,Kuusk,anna.kuusk@hot.ee,Tallinn,2025-01-11,48,5,1812.3600000000001,5,5,5,15,VIP Champions
4323.0,Väino,Kaalep,,Narva,2024-07-12,231,3,285.11,2,3,1,6,At Risk
4324.0,Toomas,Arro,toomas.arro@mail.ee,Tallinn,2024-06-18,255,4,662.8599999999999,2,4,3,9,Potential
4325.0,Ene,Org,ene.org@gmail.com,Tallinn,2024-12-28,62,1,127.92,4,1,1,6,At Risk
4326.0,Henri,Pihl,henri.pihl@outlook.com,Tallinn,2025-01-05,54,2,443.11,5,2,2,9,Potential
4327.0,Jüri,Salu,juri.salu@telia.ee,Tallinn,2024-09-08,173,4,991.99,3,4,4,11,Loyal
4328.0,Kristi,Rand,kristi.rand@mail.ee,Tallinn,2024-12-28,62,3,1585.63,4,3,5,12,Loyal
4330.0,Tarmo,Puusepp,tarmo.puusepp@telia.ee,Pärnu,2024-11-12,108,6,1540.42,4,5,5,14,VIP Champions
4331.0,Liis,Kuusik,liis.kuusik@telia.ee,Tallinn,2025-01-16,43,1,314.55,5,1,1,7,Potential
4333.0,Kristiina,Pärn,kristiina.parn@telia.ee,Tartu,2024-10-22,129,2,415.28,3,2,2,7,Potential
4334.0,Priit,Järv,,Tallinn,2025-02-18,10,32,8446.5,5,5,5,15,VIP Champions
4335.0,Rasmus,Lass,rasmus.lass@yahoo.com,Tallinn,2024-09-05,176,2,234.63,3,2,1,6,At Risk
4336.0,Eha,Saar,eha.saar@gmail.com,Viljandi,2024-05-21,283,1,444.2,2,1,2,5,At Risk
4337.0,Hille,Kuusk,hille.kuusk@yahoo.com,Tallinn,2024-07-11,232,2,196.13,2,2,1,5,At Risk
4338.0,Merle,Luik,merle.luik@mail.ee,Tallinn,2024-10-26,125,3,769.74,3,3,3,9,Potential
4339.0,Triin,Koppel,triin.koppel@gmail.com,Narva,2025-01-22,37,1,178.58,5,1,1,7,Potential
4340.0,Piret,Saar,piret.saar2@gmail.com,Paide,2023-05-28,642,2,1451.8799999999999,1,2,5,8,Potential
4341.0,Kati,Paas,,Valga,2024-09-27,154,2,835.75,3,2,3,8,Potential
4342.0,Ülle,Saar,ulle.saar@gmail.com,Pärnu,2024-12-22,68,5,1268.9,4,5,4,13,VIP Champions
4343.0,Enn,Paas,enn.paas@mail.ee,Tallinn,2024-08-09,203,3,722.87,3,3,3,9,Potential
4345.0,Peeter,Orav,peeter.orav@hot.ee,Rakvere,2024-12-14,76,3,1178.76,4,3,4,11,Loyal
4346.0,Arvo,Pärn,arvo.parn@hot.ee,Tallinn,2024-12-31,59,7,2369.11,5,5,5,15,VIP Champions
4347.0,Triin,Koppel,,Tallinn,2024-12-19,71,2,694.6600000000001,4,2,3,9,Potential
4348.0,Riina,Aas,riina.aas@yahoo.com,Tallinn,2024-01-18,407,3,1238.23,1,3,4,8,Potential
4349.0,Sandra,Värk,sandra.vark@yahoo.com,Tallinn,2024-04-06,328,4,965.98,1,4,4,9,Potential
4350.0,Aili,Kull,aili.kull@gmail.com,Tallinn,2024-08-08,204,2,448.54,2,2,2,6,At Risk
4352.0,Tiit,Oja,tiit.oja@mail.ee,Narva,2024-03-15,350,2,1336.55,1,2,4,7,Potential
4354.0,Kristiina,Kask,kristiina.kask@outlook.com,Tallinn,2024-05-25,279,1,218.54,2,1,1,4,At Risk
4355.0,Arvo,Talvik,,Pärnu,2024-09-07,174,3,1596.9,3,3,5,11,Loyal
4357.0,Marika,Orav,marika.orav2@mail.ee,Tallinn,2024-06-29,244,5,947.2,2,5,3,10,Loyal
4358.0,Arvo,Vaher,arvo.vaher@hot.ee,Valga,2025-02-28,0,3,492.55,5,3,2,10,Loyal
4360.0,Kristiina,Veski,kristiina.veski@telia.ee,Kuressaare,2024-11-05,115,2,840.36,4,2,3,9,Potential
4361.0,Erkki,Veski,erkki.veski@gmail.com,Tallinn,2025-01-31,28,3,1855.5,5,3,5,13,VIP Champions
4362.0,Ene,Nõmm,,Tallinn,2023-10-23,494,1,141.05,1,1,1,3,Lost
4363.0,Eha,Ilves,eha.ilves@mail.ee,Tallinn,2025-01-16,43,3,1745.1599999999999,5,3,5,13,VIP Champions
4364.0,Piret,Kallas,piret.kallas@yahoo.com,Tallinn,2024-07-17,226,5,708.18,2,5,3,10,Loyal
4365.0,Jüri,Sild,juri.sild@gmail.com,Narva,2025-01-29,30,7,2305.84,5,5,5,15,VIP Champions
4366.0,Kristiina,Lill,kristiina.lill2@outlook.com,Pärnu,2024-07-27,216,3,520.1600000000001,2,3,2,7,Potential
4367.0,Grete,Koppel,grete.koppel2@gmail.com,Narva,2023-07-17,592,2,685.86,1,2,3,6,At Risk
4368.0,Elis,Veski,elis.veski2@outlook.com,Tallinn,2024-12-05,85,6,2840.54,4,5,5,14,VIP Champions
4370.0,Henri,Pärn,henri.parn2@mail.ee,Tallinn,2023-03-14,717,1,339.21,1,1,1,3,Lost
4372.0,Triin,Ilves,triin.ilves@hot.ee,Haapsalu,2024-07-09,234,4,1264.53,2,4,4,10,Loyal
4373.0,Ülle,Org,ulle.org2@gmail.com,Narva,2024-12-03,87,5,2264.34,4,5,5,14,VIP Champions
4376.0,Kristjan,Sild,kristjan.sild@hot.ee,Tallinn,2024-12-31,59,4,1005.9499999999999,5,4,4,13,VIP Champions
4377.0,Indrek,Teder,indrek.teder@yahoo.com,Tallinn,2023-06-28,611,1,831.35,1,1,3,5,At Risk
4378.0,Merike,Mets,,Haapsalu,2024-09-28,153,3,1166.58,3,3,4,10,Loyal
4379.0,Külli,Liiv,kulli.liiv@yahoo.com,Rakvere,2023-10-26,491,1,218.54,1,1,1,3,Lost
4380.0,Madis,Hurt,madis.hurt@hot.ee,Tartu,2024-09-07,174,5,945.42,3,5,3,11,Loyal
4381.0,Heino,Kaalep,heino.kaalep@gmail.com,Tartu,2024-06-28,245,2,664.41,2,2,3,7,Potential
4383.0,Arvo,Paju,arvo.paju@outlook.com,Võru,2024-12-27,63,4,548.4300000000001,4,4,2,10,Loyal
4384.0,Kristi,Järv,kristi.jarv@telia.ee,Valga,2024-08-31,181,6,638.36,3,5,3,11,Loyal
4385.0,Rein,Paas,rein.paas@gmail.com,Tallinn,2024-11-01,119,3,827.12,4,3,3,10,Loyal
4387.0,Aili,Lass,aili.lass2@gmail.com,Tartu,2024-01-13,412,1,84.54,1,1,1,3,Lost
4388.0,Lea,Lill,lea.lill@gmail.com,Tartu,2024-12-05,85,4,1866.42,4,4,5,13,VIP Champions
4389.0,Kaido,Luik,kaido.luik@telia.ee,Tartu,2025-02-18,10,1,157.49,5,1,1,7,Potential
4390.0,Triin,Mitt,triin.mitt@outlook.com,Tallinn,2024-08-17,195,4,1147.79,3,4,4,11,Loyal
4391.0,Annika,Aas,annika.aas@mail.ee,Võru,2024-12-28,62,1,713.14,4,1,3,8,Potential
4392.0,Piret,Kivi,piret.kivi@gmail.com,Tartu,2024-12-24,66,5,1779.1100000000001,4,5,5,14,VIP Champions
4394.0,Sander,Männik,sander.mannik@hot.ee,Tallinn,2024-10-12,139,5,1361.25,3,5,4,12,Loyal
4395.0,Taavi,Koppel,taavi.koppel2@mail.ee,Tallinn,2024-11-03,117,4,1226.6,4,4,4,12,Loyal
4396.0,Maie,Tammik,maie.tammik2@mail.ee,Tallinn,2024-12-09,81,5,3306.1,4,5,5,14,VIP Champions
4398.0,Rasmus,Must,rasmus.must@gmail.com,Tallinn,2025-02-25,3,4,1536.61,5,4,5,14,VIP Champions
4399.0,Priit,Saar,priit.saar@outlook.com,Narva,2025-02-19,9,2,406.26,5,2,2,9,Potential
4400.0,Mihkel,Kask,mihkel.kask@yahoo.com,Viljandi,2025-02-17,11,7,1806.37,5,5,5,15,VIP Champions
4401.0,Margus,Nurk,,Viljandi,2023-12-13,443,3,359.53999999999996,1,3,2,6,At Risk
4402.0,Pille,Mets,pille.mets@gmail.com,Narva,2024-10-11,140,2,437.28999999999996,3,2,2,7,Potential
4403.0,Madis,Tammik,madis.tammik@telia.ee,Valga,2024-10-14,137,1,437.98,3,1,2,6,At Risk
4404.0,Heino,Nõmm,heino.nomm@yahoo.com,Tallinn,2024-09-08,173,4,591.85,3,4,2,9,Potential
4405.0,Piret,Lepp,piret.lepp@mail.ee,Tallinn,2023-04-23,677,2,1253.9299999999998,1,2,4,7,Potential
4407.0,Henri,Mets,henri.mets@mail.ee,Tallinn,2024-12-11,79,2,744.4200000000001,4,2,3,9,Potential
4408.0,Kristi,Koppel,kristi.koppel@outlook.com,Tartu,2023-12-16,440,2,122.24,1,2,1,4,At Risk
4409.0,Indrek,Pihl,indrek.pihl@telia.ee,Valga,2024-07-23,220,3,425.90999999999997,2,3,2,7,Potential
4410.0,Jaak,Nõmm,jaak.nomm@gmail.com,Rakvere,2024-12-18,72,7,1129.48,4,5,4,13,VIP Champions
4411.0,Reet,Puusepp,,Tallinn,2025-01-01,58,1,147.16,5,1,1,7,Potential
4412.0,Nele,Talvik,nele.talvik@yahoo.com,Tallinn,2025-01-21,38,5,2184.75,5,5,5,15,VIP Champions
4413.0,Ago,Tammik,ago.tammik@telia.ee,Tallinn,2024-03-24,341,2,294.27,1,2,1,4,At Risk
4414.0,Pille,Oja,,Tallinn,2023-06-25,614,2,163.37,1,2,1,4,At Risk
4415.0,Merike,Kuusk,merike.kuusk@outlook.com,Tallinn,2025-02-07,21,1,145.46,5,1,1,7,Potential
4417.0,Ants,Ilves,ants.ilves@hot.ee,Tallinn,2024-07-19,224,3,646.84,2,3,3,8,Potential
4418.0,Margus,Nõmm,margus.nomm@telia.ee,Kuressaare,2024-11-16,104,7,2532.13,4,5,5,14,VIP Champions
4419.0,Kati,Kuusik,,Kuressaare,2023-10-21,496,6,1946.21,1,5,5,11,Loyal
4422.0,Rain,Kull,rain.kull@yahoo.com,Tartu,2023-08-24,554,4,1016.75,1,4,4,9,Potential
4423.0,Marika,Tamm,marika.tamm@hot.ee,Tallinn,2024-09-04,177,3,416.73999999999995,3,3,2,8,Potential
4424.0,Meelis,Arro,meelis.arro@yahoo.com,Jõhvi,2024-03-19,346,2,252.25,1,2,1,4,At Risk
4426.0,Peeter,Koppel,peeter.koppel@yahoo.com,Tallinn,2024-12-29,61,4,1240.67,4,4,4,12,Loyal
4427.0,Laura,Lõhmus,,Rakvere,2024-06-13,260,7,1620.64,2,5,5,12,Loyal
4428.0,Tiit,Koppel,tiit.koppel@mail.ee,Tallinn,2023-07-21,588,2,996.81,1,2,4,7,Potential
4429.0,Sirje,Liiv,sirje.liiv@outlook.com,Tallinn,2025-01-19,40,4,1008.27,5,4,4,13,VIP Champions
4430.0,Väino,Põld,vaino.pold@gmail.com,Jõhvi,2025-01-20,39,1,327.28,5,1,1,7,Potential
4431.0,Ragnar,Ilves,ragnar.ilves@gmail.com,Tallinn,2023-12-22,434,5,1647.94,1,5,5,11,Loyal
4432.0,Kati,Rand,kati.rand@hot.ee,Tallinn,2024-12-01,89,5,802.4499999999999,4,5,3,12,Loyal
4433.0,Mart,Värk,,Valga,2023-05-20,650,1,55.04,1,1,1,3,Lost
4434.0,Urmas,Põld,urmas.pold@telia.ee,Tallinn,2023-09-13,534,1,181.68,1,1,1,3,Lost
4436.0,Andres,Kask,andres.kask@hot.ee,Tartu,2024-10-19,132,2,635.62,3,2,3,8,Potential
4437.0,Sigrid,Sild,sigrid.sild@telia.ee,Tallinn,2024-07-15,228,2,549.02,2,2,2,6,At Risk
4438.0,Ants,Lõhmus,ants.lohmus@telia.ee,Valga,2024-11-29,91,4,284.25,4,4,1,9,Potential
4439.0,Kalev,Toom,kalev.toom@yahoo.com,Kuressaare,2024-09-29,152,5,1439.3500000000001,3,5,5,13,VIP Champions
4441.0,Grete,Toom,grete.toom@telia.ee,Tartu,2024-06-27,246,4,1385.1,2,4,4,10,Loyal
4442.0,Priit,Arro,priit.arro@yahoo.com,Tallinn,2024-09-14,167,2,313.98,3,2,1,6,At Risk
4443.0,Anna,Kuusk,anna.kuusk@mail.ee,Haapsalu,2024-11-29,91,5,873.86,4,5,3,12,Loyal
4444.0,Ragnar,Rosin,ragnar.rosin@telia.ee,Tallinn,2023-01-14,776,1,501.69,1,1,2,4,At Risk
4446.0,Siim,Hurt,siim.hurt@mail.ee,Haapsalu,2024-12-30,60,4,1279.01,4,4,4,12,Loyal
4447.0,Margus,Mets,margus.mets@hot.ee,Tallinn,2024-12-22,68,3,888.6600000000001,4,3,3,10,Loyal
4450.0,Tiina,Kukk,tiina.kukk@yahoo.com,Pärnu,2026-04-14,-410,7,1636.6100000000001,5,5,5,15,VIP Champions
4451.0,Katrin,Värk,katrin.vark@yahoo.com,Haapsalu,2025-02-16,12,8,2560.35,5,5,5,15,VIP Champions
4452.0,Grete,Tamm,grete.tamm@hot.ee,Paide,2024-12-13,77,6,2343.75,4,5,5,14,VIP Champions
4453.0,Tõnu,Must,tonu.must2@gmail.com,Tartu,2024-08-28,184,1,138.78,3,1,1,5,At Risk
4454.0,Indrek,Männik,indrek.mannik@hot.ee,Tallinn,2024-12-07,83,9,2761.4900000000002,4,5,5,14,VIP Champions
4457.0,Maris,Kuusk,maris.kuusk@outlook.com,Tartu,2024-05-27,277,1,536.8,2,1,2,5,At Risk
4458.0,Kadri,Rebane,kadri.rebane@hot.ee,Tallinn,2024-05-21,283,4,1808.5299999999997,2,4,5,11,Loyal
4459.0,Ragnar,Kuusik,ragnar.kuusik@outlook.com,Tallinn,2025-01-03,56,3,553.72,5,3,2,10,Loyal
4460.0,Anu,Pihl,anu.pihl@gmail.com,Viljandi,2024-05-04,300,3,235.13,2,3,1,6,At Risk
4461.0,Tiina,Kukk,tiina.kukk@telia.ee,Tallinn,2024-11-26,94,5,2231.57,4,5,5,14,VIP Champions
4463.0,Kristiina,Põld,kristiina.pold@yahoo.com,Pärnu,2024-04-17,317,3,1058.61,2,3,4,9,Potential
4464.0,Ragnar,Tamm,ragnar.tamm@outlook.com,Pärnu,2025-02-11,17,5,1378.72,5,5,4,14,VIP Champions
4465.0,Heli,Orav,heli.orav@yahoo.com,Haapsalu,2024-06-19,254,1,442.12,2,1,2,5,At Risk
4466.0,Ants,Kaalep,ants.kaalep@mail.ee,Tallinn,2025-02-18,10,5,2077.06,5,5,5,15,VIP Champions
4467.0,Sigrid,Teder,sigrid.teder@outlook.com,Tallinn,2024-10-03,148,2,734.6700000000001,3,2,3,8,Potential
4468.0,Eha,Rosin,eha.rosin@hot.ee,Valga,2024-08-30,182,6,991.69,3,5,4,12,Loyal
4469.0,Marika,Raid,marika.raid@gmail.com,Pärnu,2024-08-13,199,3,394.81,3,3,2,8,Potential
4470.0,Maris,Aas,maris.aas@gmail.com,Tallinn,2024-06-10,263,3,228.55,2,3,1,6,At Risk
4471.0,Liis,Aas,liis.aas@hot.ee,Tartu,2025-01-11,48,1,110.02,5,1,1,7,Potential
4473.0,Terje,Vaher,terje.vaher@gmail.com,Tallinn,2024-12-30,60,4,564.1899999999999,4,4,2,10,Loyal
4474.0,Karin,Kivi,karin.kivi@outlook.com,Valga,2025-01-06,53,1,590.73,5,1,2,8,Potential
4475.0,Madis,Puusepp,madis.puusepp@mail.ee,Tallinn,2024-11-20,100,3,516.6,4,3,2,9,Potential
4476.0,Maie,Kõiv,maie.koiv2@hot.ee,Valga,2024-04-02,332,3,862.5699999999999,1,3,3,7,Potential
4477.0,Kristjan,Hurt,kristjan.hurt@hot.ee,Rakvere,2024-02-13,381,3,670.36,1,3,3,7,Potential
4478.0,Kersti,Laas,kersti.laas@gmail.com,Pärnu,2024-10-24,127,3,2066.42,3,3,5,11,Loyal
4480.0,Piret,Sild,,Tallinn,2025-01-23,36,4,1469.23,5,4,5,14,VIP Champions
4481.0,Laura,Aas,,Tartu,2024-08-17,195,3,1117.36,3,3,4,10,Loyal
4483.0,Arvo,Lepik,arvo.lepik3@telia.ee,Tallinn,2024-12-22,68,2,192.53,4,2,1,7,Potential
4484.0,Anu,Mets,anu.mets@hot.ee,Kuressaare,2025-01-01,58,6,2247.33,5,5,5,15,VIP Champions
4485.0,Elis,Talvik,elis.talvik@mail.ee,Narva,2025-02-27,1,6,1906.42,5,5,5,15,VIP Champions
4488.0,Karin,Paas,karin.paas@hot.ee,Tallinn,2024-11-21,99,3,955.0,4,3,3,10,Loyal
4489.0,Henri,Aas,henri.aas@mail.ee,Narva,2024-12-20,70,4,1221.68,4,4,4,12,Loyal
4490.0,Kristjan,Paas,kristjan.paas@hot.ee,Tallinn,2024-09-12,169,4,1468.35,3,4,5,12,Loyal
4491.0,Sander,Org,sander.org@outlook.com,Narva,2024-09-17,164,6,1678.29,3,5,5,13,VIP Champions
4493.0,Väino,Lõoke,vaino.looke2@hot.ee,Tallinn,2024-08-08,204,3,875.74,2,3,3,8,Potential
4494.0,Meelis,Sepp,meelis.sepp@mail.ee,Pärnu,2024-11-10,110,2,1329.4,4,2,4,10,Loyal
4497.0,Rain,Kivi,rain.kivi2@telia.ee,Tartu,2024-07-29,214,5,1615.75,2,5,5,12,Loyal
4498.0,Jüri,Must,juri.must@hot.ee,Pärnu,2024-06-16,257,3,732.81,2,3,3,8,Potential
4499.0,Margus,Pihl,margus.pihl@gmail.com,Tartu,2024-09-09,172,4,1277.92,3,4,4,11,Loyal
4500.0,Toomas,Oja,toomas.oja@telia.ee,Kuressaare,2024-06-14,259,1,22.7,2,1,1,4,At Risk
4501.0,Marika,Toom,,Tartu,2025-02-14,14,4,1345.91,5,4,4,13,VIP Champions
4502.0,Marit,Kõiv,marit.koiv@mail.ee,Pärnu,2024-11-26,94,1,274.5,4,1,1,6,At Risk
4503.0,Siim,Värk,siim.vark@outlook.com,Tallinn,2024-04-27,307,2,900.6,2,2,3,7,Potential
4504.0,Sander,Liiv,sander.liiv@outlook.com,Võru,2024-10-25,126,1,116.2,3,1,1,5,At Risk
4505.0,Enn,Kaalep,enn.kaalep@mail.ee,Tallinn,2025-02-20,8,3,2148.65,5,3,5,13,VIP Champions
4507.0,Kadri,Salu,kadri.salu@telia.ee,Rakvere,2024-08-06,206,3,346.07,2,3,1,6,At Risk
4508.0,Jüri,Liiv,juri.liiv@mail.ee,Tartu,2024-03-10,355,4,2041.63,1,4,5,10,Loyal
4509.0,Siim,Lill,siim.lill@gmail.com,Tallinn,2025-02-03,25,7,2405.24,5,5,5,15,VIP Champions
4510.0,Erkki,Oja,erkki.oja@outlook.com,Viljandi,2025-02-28,0,2,662.48,5,2,3,10,Loyal
4511.0,Merike,Raid,merike.raid@mail.ee,Viljandi,2023-12-12,444,3,633.45,1,4,3,8,Potential
4512.0,Kadri,Tammik,kadri.tammik@mail.ee,Pärnu,2024-05-19,285,3,755.46,2,4,3,9,Potential
4513.0,Andres,Kukk,andres.kukk@yahoo.com,Jõhvi,2024-07-29,214,3,981.4300000000001,2,4,4,10,Loyal
4514.0,Annika,Raid,annika.raid2@outlook.com,Tallinn,2024-10-27,124,4,1679.2800000000002,3,4,5,12,Loyal
4515.0,Marko,Kuusk,marko.kuusk@yahoo.com,Tallinn,2024-10-23,128,3,420.61,3,4,2,9,Potential
4516.0,Urmas,Kivi,,Tallinn,2024-06-22,251,2,475.27,2,2,2,6,At Risk
4517.0,Hille,Kask,hille.kask@hot.ee,Tartu,2024-09-20,161,4,1183.26,3,4,4,11,Loyal
4518.0,Triin,Rosin,triin.rosin@yahoo.com,Narva,2023-10-06,511,1,411.78,1,1,2,4,At Risk
4519.0,Külli,Rand,kulli.rand@hot.ee,Tallinn,2024-12-21,69,4,2508.65,4,4,5,13,VIP Champions
4520.0,Erkki,Mitt,erkki.mitt@hot.ee,Tartu,2024-02-22,372,1,664.26,1,1,3,5,At Risk
4521.0,Rasmus,Mitt,rasmus.mitt@hot.ee,Tallinn,2025-02-27,1,6,1234.0,5,5,4,14,VIP Champions
4522.0,Heli,Salu,heli.salu@mail.ee,Tartu,2024-08-24,188,3,934.78,3,4,3,10,Loyal
4523.0,Sandra,Tamm,sandra.tamm@outlook.com,Pärnu,2023-12-03,453,2,171.13,1,2,1,4,At Risk
4525.0,Tiit,Roots,tiit.roots@outlook.com,Võru,2024-08-04,208,5,1106.47,2,5,4,11,Loyal
4526.0,Jaak,Paas,jaak.paas@telia.ee,Tallinn,2023-09-10,537,1,106.69,1,1,1,3,Lost
4527.0,Jaak,Lõoke,,Tallinn,2024-11-13,107,1,138.13,4,1,1,6,At Risk
4528.0,Aivar,Mets,aivar.mets@telia.ee,Tartu,2024-04-17,317,5,2609.63,2,5,5,12,Loyal
4529.0,Maris,Kangur,maris.kangur@gmail.com,Tartu,2024-10-12,139,2,309.34000000000003,3,2,1,6,At Risk
4530.0,Ragnar,Luik,ragnar.luik2@gmail.com,Tartu,2024-12-09,81,3,1455.3100000000002,4,4,5,13,VIP Champions
4531.0,Reet,Arro,reet.arro@mail.ee,Valga,2023-05-09,661,1,41.63,1,1,1,3,Lost
4532.0,Raivo,Toom,raivo.toom@outlook.com,Paide,2024-11-30,90,1,169.9,4,1,1,6,At Risk
4533.0,Hille,Roots,hille.roots@outlook.com,Tallinn,2024-10-26,125,4,2647.0,3,4,5,12,Loyal
4534.0,Kersti,Must,,Tallinn,2024-12-09,81,7,1540.04,4,5,5,14,VIP Champions
4535.0,Nele,Paju,nele.paju@gmail.com,Tallinn,2024-12-22,68,2,882.54,4,2,3,9,Potential
4536.0,Peeter,Pärn,peeter.parn@gmail.com,Tallinn,2024-07-04,239,4,1673.47,2,4,5,11,Loyal
4538.0,Toomas,Luik,toomas.luik2@gmail.com,Tartu,2024-09-07,174,2,794.14,3,2,3,8,Potential
4539.0,Urmas,Salu,urmas.salu@hot.ee,Tallinn,2024-06-14,259,4,1304.26,2,4,4,10,Loyal
4541.0,Liis,Ilves,,Tallinn,2024-03-21,344,2,647.62,1,2,3,6,At Risk
4542.0,Maie,Rosin,maie.rosin@outlook.com,Tartu,2024-09-15,166,5,600.8000000000001,3,5,2,10,Loyal
4543.0,Sirje,Värk,sirje.vark@gmail.com,Tallinn,2025-02-02,26,4,2250.12,5,4,5,14,VIP Champions
4544.0,Kati,Järv,kati.jarv@telia.ee,Viljandi,2023-03-18,713,3,749.32,1,4,3,8,Potential
4545.0,Peeter,Hurt,,Tallinn,2024-08-09,203,2,398.87,2,2,2,6,At Risk
4546.0,Andres,Vaher,andres.vaher@hot.ee,Tartu,2024-09-28,153,2,707.12,3,2,3,8,Potential
4548.0,Sandra,Sild,sandra.sild@gmail.com,Viljandi,2024-11-29,91,2,296.58,4,2,1,7,Potential
4549.0,Kristiina,Liiv,kristiina.liiv@gmail.com,Rakvere,2024-03-21,344,6,1033.4,1,5,4,10,Loyal
4551.0,Siim,Kask,siim.kask@gmail.com,Tartu,2024-07-09,234,2,599.86,2,2,2,6,At Risk
4552.0,Terje,Koppel,terje.koppel@outlook.com,Narva,2024-04-05,329,3,1446.73,1,4,5,10,Loyal
4555.0,Maie,Paju,maie.paju@gmail.com,Tallinn,2024-04-01,333,1,201.14,1,1,1,3,Lost
4556.0,Meelis,Rand,meelis.rand@yahoo.com,Pärnu,2023-12-09,447,2,394.60999999999996,1,2,2,5,At Risk
4557.0,Tõnu,Kõiv,,Viljandi,2024-12-15,75,2,768.33,4,2,3,9,Potential
4558.0,Kadri,Nurk,kadri.nurk@mail.ee,Tartu,2025-02-19,9,4,1412.7600000000002,5,4,4,13,VIP Champions
4559.0,Mart,Sild,,Pärnu,2024-05-26,278,1,310.9,2,1,1,4,At Risk
4560.0,Aivar,Järv,aivar.jarv2@outlook.com,Tallinn,2024-08-08,204,3,1404.42,2,4,4,10,Loyal
4561.0,Ants,Koppel,ants.koppel@outlook.com,Kuressaare,2025-01-02,57,3,1373.6399999999999,5,4,4,13,VIP Champions
4562.0,Heino,Sild,heino.sild@telia.ee,Tallinn,2024-12-23,67,3,641.6,4,4,3,11,Loyal
4563.0,Priit,Kivi,priit.kivi@outlook.com,Tallinn,2024-08-11,201,3,892.4100000000001,3,4,3,10,Loyal
4565.0,Jüri,Paju,juri.paju@telia.ee,Tallinn,2024-11-13,107,3,1301.82,4,4,4,12,Loyal
4566.0,Tiit,Lõoke,tiit.looke2@yahoo.com,Tartu,2024-05-22,282,4,606.08,2,4,2,8,Potential
4567.0,Külli,Männik,kulli.mannik@yahoo.com,Tartu,2024-12-24,66,1,53.01,4,1,1,6,At Risk
4568.0,Sirje,Männik,sirje.mannik@gmail.com,Tallinn,2025-01-19,40,1,1374.35,5,1,4,10,Loyal
4569.0,Mihkel,Värk,mihkel.vark@telia.ee,Tallinn,2024-04-28,306,5,928.55,2,5,3,10,Loyal
4570.0,Kevin,Raid,kevin.raid@hot.ee,Pärnu,2024-07-12,231,4,878.5600000000001,2,4,3,9,Potential
4571.0,Sander,Talvik,sander.talvik@telia.ee,Narva,2024-10-26,125,6,2185.55,3,5,5,13,VIP Champions
4572.0,Merike,Lepp,merike.lepp@outlook.com,Tartu,2024-12-03,87,2,365.47,4,2,2,8,Potential
4573.0,Triin,Nurk,,Tallinn,2024-11-12,108,3,596.4100000000001,4,4,2,10,Loyal
4574.0,Terje,Männik,terje.mannik@outlook.com,Kuressaare,2024-06-10,263,1,789.39,2,1,3,6,At Risk
4577.0,Olev,Oja,olev.oja@yahoo.com,Narva,2024-06-17,256,3,710.66,2,4,3,9,Potential
4578.0,Siim,Kivi,siim.kivi2@yahoo.com,Tallinn,2024-11-11,109,3,956.39,4,4,3,11,Loyal
4579.0,Liina,Kangur,,Tartu,2024-12-25,65,2,133.47,4,2,1,7,Potential
4580.0,Merle,Põld,,Pärnu,2024-11-25,95,5,898.86,4,5,3,12,Loyal
4581.0,Marit,Puusepp,marit.puusepp@hot.ee,Tartu,2024-10-24,127,4,575.24,3,4,2,9,Potential
4582.0,Meelis,Pärn,meelis.parn@outlook.com,Pärnu,2025-02-02,26,4,1580.7199999999998,5,4,5,14,VIP Champions
4583.0,Andres,Rand,andres.rand@mail.ee,Tartu,2023-08-16,562,1,550.2,1,1,2,4,At Risk
4584.0,Katrin,Salu,katrin.salu@gmail.com,Tartu,2025-01-13,46,5,2834.7400000000002,5,5,5,15,VIP Champions
4585.0,Lauri,Männik,lauri.mannik@telia.ee,Paide,2024-12-30,60,6,3287.58,4,5,5,14,VIP Champions
4586.0,Külli,Mitt,kulli.mitt@telia.ee,Tartu,2024-12-08,82,4,917.0799999999999,4,4,3,11,Loyal
4588.0,Henri,Aas,henri.aas2@mail.ee,Pärnu,2024-12-07,83,5,1487.3999999999999,4,5,5,14,VIP Champions
4589.0,Lauri,Kangur,lauri.kangur@telia.ee,Viljandi,2025-02-20,8,7,2131.86,5,5,5,15,VIP Champions
4590.0,Jüri,Rosin,juri.rosin@yahoo.com,Tartu,2024-12-31,59,5,1568.46,4,5,5,14,VIP Champions
4591.0,Nele,Lõoke,nele.looke@mail.ee,Tartu,2024-03-18,347,2,471.84,1,2,2,5,At Risk
4592.0,Peeter,Tammik,peeter.tammik@gmail.com,Pärnu,2024-08-30,182,4,1083.49,3,4,4,11,Loyal
4593.0,Kristiina,Oja,kristiina.oja2@outlook.com,Viljandi,2024-02-28,366,4,1058.1,1,4,4,9,Potential
4595.0,Raivo,Tammik,raivo.tammik@gmail.com,Narva,2024-01-20,405,2,241.73,1,2,1,4,At Risk
4596.0,Kaido,Pärn,kaido.parn@yahoo.com,Pärnu,2024-12-29,61,2,388.53,4,2,2,8,Potential
4597.0,Terje,Lepp,terje.lepp@yahoo.com,Tartu,2024-12-21,69,7,2215.52,4,5,5,14,VIP Champions
4598.0,Tiina,Kaalep,tiina.kaalep@mail.ee,Paide,2025-02-25,3,4,1716.38,5,4,5,14,VIP Champions
4599.0,Triin,Puusepp,triin.puusepp@gmail.com,Tallinn,2025-02-11,17,6,1261.55,5,5,4,14,VIP Champions
4601.0,Meelis,Kaalep,meelis.kaalep@hot.ee,Kuressaare,2024-05-17,287,3,679.77,2,4,3,9,Potential
4602.0,Laura,Must,laura.must2@yahoo.com,Haapsalu,2024-09-11,170,5,1891.34,3,5,5,13,VIP Champions
4603.0,Piret,Lepik,piret.lepik@hot.ee,Rakvere,2024-11-28,92,5,2153.0,4,5,5,14,VIP Champions
4604.0,Liis,Veski,liis.veski@telia.ee,Tallinn,2025-02-23,5,6,1217.61,5,5,4,14,VIP Champions
4605.0,Aivar,Koppel,,Rakvere,2024-08-31,181,3,1126.08,3,4,4,11,Loyal
4606.0,Kristi,Kivi,kristi.kivi@mail.ee,Viljandi,2025-02-14,14,1,624.82,5,1,2,8,Potential
4607.0,Piret,Toom,piret.toom@yahoo.com,Pärnu,2025-01-16,43,4,885.97,5,4,3,12,Loyal
4608.0,Terje,Männik,,Tallinn,2023-09-30,517,1,241.13,1,1,1,3,Lost
4610.0,Andres,Nurk,,Tallinn,2023-08-22,556,3,501.31,1,4,2,7,Potential
4611.0,Ragnar,Kaalep,ragnar.kaalep@outlook.com,Tallinn,2025-02-28,0,4,1658.96,5,4,5,14,VIP Champions
4612.0,Kaido,Oja,kaido.oja@mail.ee,Tartu,2024-08-03,209,6,1889.9,2,5,5,12,Loyal
4613.0,Meelis,Paas,meelis.paas@telia.ee,Valga,2024-11-12,108,2,599.8199999999999,4,2,2,8,Potential
4614.0,Enn,Ilves,enn.ilves@yahoo.com,Tallinn,2024-07-02,241,2,394.03,2,2,2,6,At Risk
4615.0,Kersti,Lill,kersti.lill@yahoo.com,Narva,2025-02-01,27,6,943.9699999999999,5,5,3,13,VIP Champions
4616.0,Arvo,Paju,,Tartu,2023-08-30,548,2,1752.7199999999998,1,2,5,8,Potential
4618.0,Peeter,Kask,peeter.kask2@telia.ee,Tartu,2023-09-26,521,1,347.16,1,1,2,4,At Risk
4619.0,Urmas,Arro,urmas.arro@telia.ee,Tallinn,2025-01-16,43,1,106.82,5,1,1,7,Potential
4620.0,Grete,Põld,grete.pold@yahoo.com,Viljandi,2024-06-03,270,1,302.79,2,1,1,4,At Risk
4621.0,Piret,Raid,piret.raid@telia.ee,Pärnu,2024-11-14,106,3,1455.8600000000001,4,4,5,13,VIP Champions
4622.0,Enn,Lõhmus,,Tallinn,2025-01-10,49,1,139.74,5,1,1,7,Potential
4623.0,Raivo,Lepp,raivo.lepp@hot.ee,Tartu,2024-09-24,157,3,679.6,3,4,3,10,Loyal
4624.0,Enn,Teder,enn.teder@outlook.com,Pärnu,2024-04-13,321,5,2422.9,2,5,5,12,Loyal
4625.0,Ants,Roots,ants.roots@yahoo.com,Võru,2025-02-15,13,3,777.38,5,4,3,12,Loyal
4626.0,Liis,Salu,liis.salu2@mail.ee,Pärnu,2024-09-01,180,4,731.08,3,4,3,10,Loyal
4627.0,Kristjan,Roots,kristjan.roots@outlook.com,Haapsalu,2025-02-25,3,4,2101.39,5,4,5,14,VIP Champions
4628.0,Maie,Kuusk,maie.kuusk@yahoo.com,Tallinn,2024-07-23,220,2,202.8,2,2,1,5,At Risk
4629.0,Triin,Mitt,triin.mitt2@outlook.com,Valga,2025-01-02,57,3,490.39,5,4,2,11,Loyal
4630.0,Mart,Lepik,mart.lepik@hot.ee,Narva,2024-10-25,126,1,505.02,3,1,2,6,At Risk
4631.0,Taavi,Põld,taavi.pold@outlook.com,Võru,2024-07-29,214,3,1872.52,2,4,5,11,Loyal
4632.0,Heli,Kangur,heli.kangur@mail.ee,Pärnu,2024-06-29,244,1,164.43,2,1,1,4,At Risk
4633.0,Kristi,Valk,kristi.valk@hot.ee,Tallinn,2023-07-09,600,2,506.5,1,2,2,5,At Risk
4634.0,Ülle,Laas,ulle.laas@mail.ee,Jõhvi,2024-12-20,70,5,1105.79,4,5,4,13,VIP Champions
4635.0,Margus,Hurt,margus.hurt@gmail.com,Tallinn,2024-02-17,377,3,461.24,1,4,2,7,Potential
4636.0,Reet,Rosin,,Pärnu,2025-01-21,38,3,892.39,5,4,3,12,Loyal
4637.0,Kati,Ilves,kati.ilves@yahoo.com,Tallinn,2024-12-21,69,4,1127.0900000000001,4,4,4,12,Loyal
4638.0,Henri,Lill,henri.lill@telia.ee,Haapsalu,2024-10-10,141,4,1450.05,3,4,5,12,Loyal
4639.0,Olev,Kask,olev.kask@yahoo.com,Tallinn,2024-07-30,213,3,498.46,2,4,2,8,Potential
4640.0,Rasmus,Hurt,rasmus.hurt@mail.ee,Tartu,2025-01-15,44,5,1792.58,5,5,5,15,VIP Champions
4642.0,Liis,Kask,liis.kask@mail.ee,Haapsalu,2024-12-04,86,4,1176.92,4,4,4,12,Loyal
4643.0,Rein,Kuusk,rein.kuusk@gmail.com,Tallinn,2024-04-26,308,3,824.3499999999999,2,4,3,9,Potential
4644.0,Mihkel,Talvik,mihkel.talvik@telia.ee,Tartu,2024-12-31,59,7,1677.21,4,5,5,14,VIP Champions
4647.0,Maie,Kuusk,maie.kuusk@outlook.com,Narva,2024-09-07,174,1,374.32,3,1,2,6,At Risk
4648.0,Meelis,Tammik,meelis.tammik@mail.ee,Tallinn,2023-05-17,653,1,1458.6,1,1,5,7,Potential
4649.0,Karin,Tammik,karin.tammik@telia.ee,Tartu,2024-08-04,208,1,225.28,2,1,1,4,At Risk
4650.0,Marika,Lill,marika.lill2@hot.ee,Pärnu,2025-02-20,8,1,17.97,5,1,1,7,Potential
4652.0,Olev,Mägi,olev.magi@telia.ee,Pärnu,2024-08-24,188,1,166.27,3,1,1,5,At Risk
4653.0,Madis,Paju,madis.paju@yahoo.com,Tallinn,2024-11-23,97,3,342.48,4,4,1,9,Potential
4654.0,Väino,Roots,vaino.roots@yahoo.com,Tartu,2024-07-22,221,2,660.0799999999999,2,2,3,7,Potential
4655.0,Rein,Mitt,rein.mitt@mail.ee,Narva,2024-12-14,76,1,327.28,4,1,1,6,At Risk
4656.0,Sigrid,Mitt,sigrid.mitt@telia.ee,Rakvere,2024-12-16,74,5,1101.4,4,5,4,13,VIP Champions
4657.0,Karin,Mägi,karin.magi@hot.ee,Pärnu,2024-11-06,114,2,601.46,4,2,2,8,Potential
4659.0,Meelis,Roots,meelis.roots@telia.ee,Pärnu,2024-12-24,66,3,702.22,4,4,3,11,Loyal
4660.0,Mart,Teder,mart.teder@hot.ee,Tallinn,2023-12-18,438,3,299.72999999999996,1,4,1,6,At Risk
4661.0,Maie,Oja,maie.oja@gmail.com,Valga,2024-07-21,222,1,574.44,2,1,2,5,At Risk
4662.0,Tiina,Nurk,,Haapsalu,2023-10-30,487,4,1710.83,1,4,5,10,Loyal
4663.0,Marko,Lepp,marko.lepp@yahoo.com,Haapsalu,2025-01-11,48,7,1939.43,5,5,5,15,VIP Champions
4664.0,Ene,Oja,ene.oja2@telia.ee,Tartu,2024-11-23,97,3,1078.16,4,4,4,12,Loyal
4665.0,Riina,Kull,riina.kull2@gmail.com,Tartu,2024-08-24,188,5,1106.21,3,5,4,12,Loyal
4666.0,Rasmus,Lepp,rasmus.lepp@telia.ee,Tallinn,2023-08-19,559,2,193.75,1,2,1,4,At Risk
4667.0,Reet,Rosin,reet.rosin@hot.ee,Tallinn,2024-09-04,177,1,361.77,3,1,2,6,At Risk
4669.0,Maie,Mitt,maie.mitt2@telia.ee,Tallinn,2024-04-02,332,1,260.72,1,1,1,3,Lost
4670.0,Margus,Luik,margus.luik@hot.ee,Jõhvi,2024-06-26,247,4,918.16,2,4,3,9,Potential
4671.0,Annika,Mägi,annika.magi@outlook.com,Tartu,2024-08-25,187,3,512.77,3,4,2,9,Potential
4672.0,Katrin,Koppel,katrin.koppel@mail.ee,Rakvere,2023-11-17,469,4,1575.58,1,4,5,10,Loyal
4673.0,Liina,Saar,liina.saar@gmail.com,Tallinn,2024-12-29,61,5,881.04,4,5,3,12,Loyal
4674.0,Ragnar,Lõoke,ragnar.looke@yahoo.com,Tallinn,2024-12-28,62,4,572.1,4,4,2,10,Loyal
4675.0,Maie,Saar,maie.saar@telia.ee,Tartu,2025-02-07,21,3,284.28,5,4,1,10,Loyal
4676.0,Madis,Arro,madis.arro@outlook.com,Tallinn,2024-05-15,289,2,325.13,2,2,1,5,At Risk
4677.0,Aili,Pihl,aili.pihl@yahoo.com,Narva,2024-04-11,323,5,446.27,2,5,2,9,Potential
4678.0,Kati,Põld,kati.pold@gmail.com,Tartu,2024-12-12,78,7,2850.45,4,5,5,14,VIP Champions
4681.0,Merle,Koppel,merle.koppel@mail.ee,Pärnu,2024-01-05,420,4,2110.65,1,4,5,10,Loyal
4682.0,Merike,Kivi,,Tallinn,2023-08-25,553,2,801.38,1,2,3,6,At Risk
4683.0,Rein,Oja,rein.oja@telia.ee,Tallinn,2024-01-30,395,4,953.32,1,4,3,8,Potential
4684.0,Siim,Arro,siim.arro@gmail.com,Tallinn,2025-01-18,41,4,582.55,5,4,2,11,Loyal
4685.0,Kaido,Orav,kaido.orav@outlook.com,Tallinn,2024-06-13,260,5,1537.58,2,5,5,12,Loyal
4686.0,Piret,Vaher,piret.vaher@outlook.com,Viljandi,2024-12-16,74,1,274.37,4,1,1,6,At Risk
4687.0,Sirje,Rand,sirje.rand@outlook.com,Viljandi,2025-01-01,58,7,3116.4300000000003,5,5,5,15,VIP Champions
4688.0,Anna,Veski,anna.veski@gmail.com,Pärnu,2024-07-23,220,2,1002.53,2,2,4,8,Potential
4689.0,Tõnu,Sepp,tonu.sepp@mail.ee,Narva,2024-04-13,321,2,462.79,2,2,2,6,At Risk
4690.0,Erkki,Rand,erkki.rand@yahoo.com,Narva,2024-08-15,197,1,126.42,3,1,1,5,At Risk
4691.0,Andres,Veski,andres.veski@gmail.com,Tallinn,2024-09-11,170,7,1289.28,3,5,4,12,Loyal
4692.0,Peeter,Mägi,peeter.magi@yahoo.com,Narva,2025-02-18,10,2,296.73,5,2,1,8,Potential
4693.0,Aili,Kuusk,aili.kuusk@outlook.com,Tallinn,2024-07-14,229,2,182.84,2,2,1,5,At Risk
4694.0,Eha,Pärn,eha.parn@mail.ee,Pärnu,2023-12-30,426,2,882.58,1,2,3,6,At Risk
4695.0,Kadri,Kallas,kadri.kallas@mail.ee,Tallinn,2025-02-25,3,1,245.55,5,1,1,7,Potential
4696.0,Eha,Vaher,,Tartu,2024-12-30,60,2,661.0,4,2,3,9,Potential
4697.0,Kristiina,Rosin,kristiina.rosin@gmail.com,Tallinn,2024-02-06,388,2,676.32,1,2,3,6,At Risk
4698.0,Kaido,Mägi,kaido.magi@gmail.com,Tartu,2024-10-14,137,2,1254.67,3,2,4,9,Potential
4699.0,Enn,Kull,enn.kull@yahoo.com,Võru,2025-01-05,54,1,1094.95,5,1,4,10,Loyal
4701.0,Enn,Rebane,,Tartu,2024-11-05,115,7,2874.92,4,5,5,14,VIP Champions
4702.0,Meelis,Saar,,Rakvere,2024-02-02,392,1,50.85,1,1,1,3,Lost
4703.0,Mihkel,Arro,mihkel.arro@hot.ee,Tallinn,2024-06-04,269,5,782.38,2,5,3,10,Loyal
4704.0,Kevin,Valk,kevin.valk@telia.ee,Valga,2024-03-27,338,1,65.6,1,1,1,3,Lost
4705.0,Liis,Kivi,liis.kivi@hot.ee,Tallinn,2024-03-02,363,2,1072.94,1,2,4,7,Potential
4707.0,Reet,Sild,reet.sild@outlook.com,Pärnu,2024-10-24,127,2,647.44,3,2,3,8,Potential
4708.0,Ants,Lass,,Võru,2024-07-07,236,4,542.88,2,4,2,8,Potential
4709.0,Maris,Lepp,maris.lepp2@yahoo.com,Tartu,2025-02-13,15,3,689.85,5,4,3,12,Loyal
4710.0,Anna,Lill,anna.lill@gmail.com,Jõhvi,2024-11-20,100,1,65.6,4,1,1,6,At Risk
4712.0,Tarmo,Rosin,tarmo.rosin@gmail.com,Pärnu,2024-11-01,119,5,2788.1,3,5,5,13,VIP Champions
4713.0,Kevin,Rosin,kevin.rosin@telia.ee,Haapsalu,2025-01-01,58,2,712.84,5,2,3,10,Loyal
4714.0,Erkki,Tammik,erkki.tammik@mail.ee,Tartu,2025-01-21,38,2,102.51,5,2,1,8,Potential
4715.0,Maris,Tamm,maris.tamm@hot.ee,Jõhvi,2024-09-24,157,4,991.07,3,4,4,11,Loyal
4716.0,Katrin,Rosin,katrin.rosin@gmail.com,Tallinn,2024-07-26,217,3,1414.9299999999998,2,4,4,10,Loyal
4717.0,Kevin,Raud,kevin.raud@gmail.com,Võru,2025-01-31,28,5,2458.06,5,5,5,15,VIP Champions
4718.0,Rain,Lepp,rain.lepp@gmail.com,Tallinn,2025-01-09,50,4,1312.27,5,4,4,13,VIP Champions
4719.0,Heli,Lass,heli.lass@gmail.com,Tartu,2024-04-17,317,1,55.04,2,1,1,4,At Risk
4720.0,Maris,Paas,maris.paas@mail.ee,Tartu,2024-05-15,289,3,1538.52,2,4,5,11,Loyal
4722.0,Grete,Raud,,Pärnu,2024-09-24,157,3,423.51,3,4,2,9,Potential
4723.0,Ene,Raud,ene.raud@outlook.com,Viljandi,2024-02-21,373,1,159.25,1,1,1,3,Lost
4724.0,Madis,Hurt,madis.hurt@yahoo.com,Jõhvi,2023-05-25,645,4,1407.79,1,4,4,9,Potential
4725.0,Mihkel,Liiv,,Viljandi,2025-02-17,11,1,58.49,5,1,1,7,Potential
4726.0,Kadri,Männik,kadri.mannik2@outlook.com,Pärnu,2024-10-21,130,1,183.31,3,1,1,5,At Risk
4727.0,Kaido,Lõoke,kaido.looke@mail.ee,Viljandi,2024-04-30,304,3,626.71,2,4,2,8,Potential
4728.0,Tõnu,Kõiv,tonu.koiv@yahoo.com,Tartu,2024-12-21,69,2,524.37,4,2,2,8,Potential
4729.0,Katrin,Saar,katrin.saar@gmail.com,Tallinn,2024-12-25,65,5,1295.99,4,5,4,13,VIP Champions
4730.0,Merike,Lõhmus,merike.lohmus@telia.ee,Rakvere,2025-02-15,13,3,1175.08,5,4,4,13,VIP Champions
4731.0,Sirje,Tammik,sirje.tammik@mail.ee,Rakvere,2024-01-17,408,1,377.82,1,1,2,4,At Risk
4732.0,Meelis,Põld,meelis.pold@gmail.com,Pärnu,2024-06-27,246,3,464.66,2,4,2,8,Potential
4734.0,Ragnar,Kuusik,ragnar.kuusik2@outlook.com,Tallinn,2024-08-19,193,1,105.09,3,1,1,5,At Risk
4735.0,Riina,Sepp,riina.sepp@yahoo.com,Pärnu,2024-07-09,234,3,641.73,2,4,3,9,Potential
4736.0,Anu,Puusepp,anu.puusepp@gmail.com,Tartu,2025-01-06,53,2,706.7,5,2,3,10,Loyal
4737.0,Piret,Tammik,piret.tammik@hot.ee,Tartu,2024-04-27,307,1,493.94,2,1,2,5,At Risk
4738.0,Toomas,Ilves,,Viljandi,2023-09-07,540,2,993.9499999999999,1,2,4,7,Potential
4739.0,Grete,Paju,grete.paju@mail.ee,Tallinn,2023-11-06,480,1,307.24,1,1,1,3,Lost
4740.0,Kevin,Koppel,kevin.koppel@telia.ee,Tallinn,2024-03-25,340,2,640.67,1,2,3,6,At Risk
4741.0,Rasmus,Värk,,Tartu,2025-02-10,18,2,446.71999999999997,5,2,2,9,Potential
4742.0,Taavi,Aas,taavi.aas@gmail.com,Tartu,2025-01-20,39,6,1206.67,5,5,4,14,VIP Champions
4743.0,Sigrid,Nurk,sigrid.nurk@mail.ee,Võru,2024-10-06,145,2,626.5799999999999,3,2,2,7,Potential
4744.0,Sandra,Oja,,Pärnu,2023-06-19,620,1,407.4,1,1,2,4,At Risk
4745.0,Meelis,Must,meelis.must@mail.ee,Haapsalu,2023-01-20,770,1,263.13,1,1,1,3,Lost
4746.0,Ants,Nurk,ants.nurk@outlook.com,Tallinn,2025-01-26,33,5,1002.46,5,5,4,14,VIP Champions
4747.0,Anna,Liiv,anna.liiv@hot.ee,Rakvere,2024-07-25,218,8,1944.37,2,5,5,12,Loyal
4748.0,Külli,Paas,kulli.paas@telia.ee,Tallinn,2024-12-26,64,4,1090.8200000000002,4,4,4,12,Loyal
4749.0,Väino,Kull,vaino.kull@yahoo.com,Jõhvi,2024-06-06,267,3,969.66,2,4,4,10,Loyal
4750.0,Raivo,Kask,raivo.kask@telia.ee,Tallinn,2023-10-11,506,1,285.14,1,1,1,3,Lost
4752.0,Eha,Paju,eha.paju@outlook.com,Tallinn,2024-04-14,320,3,523.21,2,4,2,8,Potential
4754.0,Sigrid,Mets,sigrid.mets@gmail.com,Võru,2023-04-18,682,2,79.75999999999999,1,2,1,4,At Risk
4755.0,Liina,Kask,liina.kask2@hot.ee,Tallinn,2024-10-18,133,6,1520.03,3,5,5,13,VIP Champions
4756.0,Priit,Lõoke,priit.looke@hot.ee,Tartu,2024-03-10,355,3,1370.78,1,4,4,9,Potential
4757.0,Mihkel,Talvik,mihkel.talvik@gmail.com,Tartu,2024-05-12,292,3,842.39,2,4,3,9,Potential
4759.0,Kadri,Koppel,kadri.koppel@outlook.com,Tartu,2024-08-11,201,2,677.11,3,2,3,8,Potential
4760.0,Indrek,Raud,indrek.raud@yahoo.com,Pärnu,2024-05-06,298,4,1756.15,2,4,5,11,Loyal
4761.0,Raivo,Lepp,raivo.lepp@telia.ee,Valga,2024-09-23,158,2,162.67000000000002,3,2,1,6,At Risk
4762.0,Reet,Aas,reet.aas@outlook.com,Tallinn,2024-02-15,379,6,1612.76,1,5,5,11,Loyal
4763.0,Grete,Kallas,grete.kallas@hot.ee,Tallinn,2025-02-19,9,6,1957.31,5,5,5,15,VIP Champions
4765.0,Kati,Lill,kati.lill@mail.ee,Tartu,2024-08-12,200,5,937.25,3,5,3,11,Loyal
4767.0,Kersti,Lõoke,kersti.looke@telia.ee,Tartu,2025-01-12,47,4,2578.12,5,4,5,14,VIP Champions
4768.0,Sandra,Koppel,,Pärnu,2024-07-20,223,5,1386.42,2,5,4,11,Loyal
4769.0,Maie,Orav,maie.orav@telia.ee,Rakvere,2024-05-19,285,2,791.02,2,2,3,7,Potential
4771.0,Arvo,Ilves,arvo.ilves@hot.ee,Tallinn,2024-06-03,270,1,301.2,2,1,1,4,At Risk
4772.0,Tiina,Toom,tiina.toom@telia.ee,Võru,2024-09-18,163,3,583.78,3,4,2,9,Potential
4773.0,Henri,Aas,henri.aas@hot.ee,Tallinn,2023-03-09,722,1,47.36,1,1,1,3,Lost
4774.0,Sandra,Raid,,Tallinn,2025-01-11,48,3,1296.53,5,4,4,13,VIP Champions
4775.0,Riina,Kuusk,riina.kuusk@telia.ee,Tartu,2024-12-29,61,1,95.87,4,1,1,6,At Risk
4776.0,Maie,Männik,maie.mannik@mail.ee,Tartu,2025-01-30,29,2,932.4599999999999,5,2,3,10,Loyal
4779.0,Merike,Kõiv,merike.koiv@gmail.com,Tallinn,2024-12-15,75,5,2784.51,4,5,5,14,VIP Champions
4780.0,Liina,Rand,liina.rand@mail.ee,Tallinn,2024-09-30,151,4,678.83,3,4,3,10,Loyal
4781.0,Kristjan,Orav,kristjan.orav@outlook.com,Narva,2024-06-07,266,3,1315.65,2,4,4,10,Loyal
4782.0,Heli,Ilves,heli.ilves@mail.ee,Tallinn,2025-02-03,25,5,1426.33,5,5,5,15,VIP Champions
4783.0,Lauri,Kukk,,Tartu,2024-11-24,96,4,2935.81,4,4,5,13,VIP Champions
4784.0,Raivo,Valk,raivo.valk@mail.ee,Tallinn,2024-02-20,374,1,304.26,1,1,1,3,Lost
4785.0,Anu,Mägi,anu.magi@telia.ee,Pärnu,2025-01-26,33,3,1002.9100000000001,5,4,4,13,VIP Champions
4786.0,Enn,Järv,enn.jarv@telia.ee,Tallinn,2024-07-22,221,3,603.74,2,4,2,8,Potential
4787.0,Anu,Salu,anu.salu@outlook.com,Tallinn,2024-01-09,416,2,135.51,1,2,1,4,At Risk
4788.0,Ragnar,Org,ragnar.org@hot.ee,Tartu,2024-10-15,136,1,529.95,3,1,2,6,At Risk
4789.0,Enn,Teder,,Paide,2023-05-18,652,1,42.64,1,1,1,3,Lost
4790.0,Tõnu,Sild,,Tallinn,2024-03-07,358,2,395.56,1,2,2,5,At Risk
4791.0,Liis,Sepp,liis.sepp@yahoo.com,Tallinn,2024-05-19,285,3,1955.72,2,4,5,11,Loyal
4792.0,Heli,Rebane,heli.rebane@telia.ee,Võru,2024-08-19,193,3,789.36,3,4,3,10,Loyal
4793.0,Hille,Värk,hille.vark@mail.ee,Tallinn,2024-10-31,120,3,229.41000000000003,3,4,1,8,Potential
4794.0,Siim,Kask,,Paide,2024-12-17,73,4,1341.8400000000001,4,4,4,12,Loyal
4797.0,Annika,Luik,annika.luik@telia.ee,Tallinn,2024-12-20,70,2,522.52,4,2,2,8,Potential
4799.0,Peeter,Liiv,peeter.liiv@yahoo.com,Tallinn,2024-10-22,129,2,840.3199999999999,3,2,3,8,Potential
4800.0,Meelis,Aas,meelis.aas@gmail.com,Tartu,2023-10-07,510,4,661.82,1,4,3,8,Potential
4801.0,Ants,Lõhmus,ants.lohmus@mail.ee,Tallinn,2023-10-17,500,2,254.71999999999997,1,2,1,4,At Risk
4803.0,Kristi,Koppel,,Tartu,2024-06-16,257,5,1387.3999999999999,2,5,4,11,Loyal
4804.0,Tiina,Nõmm,tiina.nomm@telia.ee,Tallinn,2025-02-22,6,3,843.1999999999999,5,4,3,12,Loyal
4807.0,Rasmus,Värk,rasmus.vark@gmail.com,Narva,2024-12-05,85,2,263.34,4,2,1,7,Potential
4808.0,Grete,Ilves,grete.ilves@mail.ee,Narva,2024-11-21,99,4,755.5699999999999,4,4,3,11,Loyal
4809.0,Heli,Tammik,heli.tammik@gmail.com,Tartu,2024-08-27,185,2,1075.0,3,2,4,9,Potential
4810.0,Henri,Kull,henri.kull@gmail.com,Tallinn,2024-11-21,99,4,1858.98,4,4,5,13,VIP Champions
4811.0,Kevin,Toom,,Tallinn,2024-10-18,133,2,325.9,3,2,1,6,At Risk
4812.0,Ago,Kuusk,ago.kuusk@hot.ee,Tallinn,2024-05-29,275,4,1167.75,2,4,4,10,Loyal
4815.0,Arvo,Laas,arvo.laas@mail.ee,Tallinn,2024-10-31,120,4,1104.5,3,4,4,11,Loyal
4816.0,Külli,Lõhmus,kulli.lohmus@mail.ee,Haapsalu,2024-06-16,257,3,1110.8,2,4,4,10,Loyal
4817.0,Anu,Orav,anu.orav@outlook.com,Tartu,2024-12-22,68,3,1429.1000000000001,4,4,5,13,VIP Champions
4818.0,Katrin,Arro,katrin.arro@gmail.com,Tartu,2024-12-28,62,3,446.72,4,4,2,10,Loyal
4819.0,Meelis,Veski,meelis.veski@yahoo.com,Jõhvi,2025-01-07,52,1,149.62,5,1,1,7,Potential
4820.0,Riina,Lõhmus,,Tallinn,2024-07-19,224,2,334.3,2,2,1,5,At Risk
4821.0,Rain,Lepik,rain.lepik@gmail.com,Tallinn,2024-09-14,167,3,1005.1,3,4,4,11,Loyal
4822.0,Ants,Lõhmus,ants.lohmus2@gmail.com,Tallinn,2024-06-22,251,3,914.31,2,4,3,9,Potential
4824.0,Tarmo,Sild,,Rakvere,2023-07-06,603,2,302.76,1,2,1,4,At Risk
4825.0,Karin,Lepp,,Pärnu,2024-12-11,79,3,931.48,4,4,3,11,Loyal
4826.0,Raivo,Talvik,raivo.talvik@mail.ee,Tartu,2024-11-16,104,4,660.0,4,4,3,11,Loyal
4827.0,Lauri,Kukk,lauri.kukk@yahoo.com,Tallinn,2024-11-14,106,2,386.51000000000005,4,2,2,8,Potential
4828.0,Meelis,Kuusk,meelis.kuusk@yahoo.com,Tallinn,2024-09-26,155,3,153.54000000000002,3,4,1,8,Potential
4829.0,Merike,Ilves,merike.ilves@telia.ee,Tallinn,2024-11-17,103,3,664.11,4,4,3,11,Loyal
4830.0,Sander,Sepp,sander.sepp@yahoo.com,Rakvere,2025-01-12,47,7,2294.85,5,5,5,15,VIP Champions
4831.0,Enn,Kangur,enn.kangur@gmail.com,Tartu,2024-12-09,81,2,405.96,4,2,2,8,Potential
4832.0,Terje,Laas,terje.laas@mail.ee,Rakvere,2024-10-22,129,1,368.14,3,1,2,6,At Risk
4833.0,Jüri,Valk,juri.valk@yahoo.com,Rakvere,2023-12-09,447,3,647.03,1,4,3,8,Potential
4834.0,Eha,Luik,eha.luik@gmail.com,Viljandi,2023-12-29,427,3,614.6400000000001,1,4,2,7,Potential
4836.0,Kati,Kõiv,kati.koiv@hot.ee,Viljandi,2024-12-11,79,3,949.26,4,4,3,11,Loyal
4837.0,Merike,Kask,merike.kask@outlook.com,Tallinn,2024-07-06,237,4,501.03999999999996,2,4,2,8,Potential
4838.0,Taavi,Kuusik,taavi.kuusik@outlook.com,Tallinn,2024-12-13,77,2,2033.3400000000001,4,2,5,11,Loyal
4839.0,Anna,Kangur,anna.kangur@gmail.com,Viljandi,2025-02-11,17,4,888.18,5,4,3,12,Loyal
4840.0,Siim,Toom,siim.toom@telia.ee,Tallinn,2024-01-08,417,2,407.64,1,2,2,5,At Risk
4841.0,Olev,Lõhmus,olev.lohmus@hot.ee,Tallinn,2024-10-04,147,2,315.49,3,2,1,6,At Risk
4843.0,Ago,Mets,ago.mets@gmail.com,Tallinn,2024-08-06,206,3,1166.26,2,4,4,10,Loyal
4844.0,Ragnar,Raid,ragnar.raid2@outlook.com,Tartu,2025-01-10,49,2,913.14,5,2,3,10,Loyal
4845.0,Tõnu,Laas,tonu.laas@yahoo.com,Pärnu,2025-02-06,22,2,174.38,5,2,1,8,Potential
4846.0,Kadri,Roots,kadri.roots@hot.ee,Tartu,2024-07-21,222,5,1178.89,2,5,4,11,Loyal
4847.0,Heli,Sepp,heli.sepp@outlook.com,Tallinn,2024-06-09,264,5,1374.8400000000001,2,5,4,11,Loyal
4848.0,Mart,Teder,mart.teder3@hot.ee,Narva,2024-03-13,352,3,1615.8799999999999,1,4,5,10,Loyal
4849.0,Ülle,Arro,ulle.arro@mail.ee,Tallinn,2024-10-13,138,5,1329.3600000000001,3,5,4,12,Loyal
4850.0,Sirje,Rand,sirje.rand@mail.ee,Pärnu,2024-07-14,229,7,1842.45,2,5,5,12,Loyal
4851.0,Aivar,Orav,aivar.orav@outlook.com,Tallinn,2024-03-06,359,7,2747.85,1,5,5,11,Loyal
4853.0,Sander,Männik,sander.mannik@outlook.com,Tallinn,2025-01-15,44,4,1319.8400000000001,5,4,4,13,VIP Champions
4854.0,Jaak,Kull,jaak.kull@hot.ee,Tartu,2024-11-29,91,2,822.76,4,2,3,9,Potential
4855.0,Merle,Koppel,merle.koppel@hot.ee,Tallinn,2025-01-20,39,6,1875.41,5,5,5,15,VIP Champions
4856.0,Kati,Rosin,kati.rosin2@telia.ee,Kuressaare,2025-01-06,53,1,374.32,5,1,2,8,Potential
4857.0,Siim,Oja,siim.oja@yahoo.com,Tartu,2025-02-03,25,3,969.03,5,4,4,13,VIP Champions
4858.0,Sandra,Aas,sandra.aas@mail.ee,Tallinn,2025-02-08,20,3,407.13,5,4,2,11,Loyal
4859.0,Heli,Rebane,heli.rebane@gmail.com,Tallinn,2025-02-14,14,5,1097.19,5,5,4,14,VIP Champions
4860.0,Marit,Arro,marit.arro@telia.ee,Tallinn,2024-05-07,297,3,1317.55,2,4,4,10,Loyal
4861.0,Laura,Mets,laura.mets@yahoo.com,Tallinn,2024-07-08,235,3,394.86,2,4,2,8,Potential
4862.0,Erkki,Liiv,erkki.liiv@yahoo.com,Tallinn,2024-05-26,278,6,3186.6400000000003,2,5,5,12,Loyal
4863.0,Meelis,Nurk,meelis.nurk@yahoo.com,Tallinn,2023-06-05,634,2,1009.0200000000001,1,2,4,7,Potential
4864.0,Kersti,Kuusik,kersti.kuusik@mail.ee,Valga,2024-12-28,62,3,721.17,4,4,3,11,Loyal
4865.0,Ene,Saar,ene.saar@gmail.com,Tallinn,2024-11-13,107,2,420.34000000000003,4,2,2,8,Potential
4867.0,Kersti,Värk,,Viljandi,2024-12-31,59,6,2021.61,4,5,5,14,VIP Champions
4868.0,Kristjan,Sepp,kristjan.sepp@mail.ee,Tartu,2024-12-22,68,5,1420.91,4,5,4,13,VIP Champions
4869.0,Olev,Orav,olev.orav@hot.ee,Rakvere,2024-10-24,127,2,309.48,3,3,1,7,Potential
4870.0,Rein,Männik,rein.mannik@yahoo.com,Tallinn,2024-10-21,130,6,1330.83,3,5,4,12,Loyal
4871.0,Eha,Tamm,eha.tamm@yahoo.com,Tartu,2024-07-10,233,1,243.96,2,1,1,4,At Risk
4872.0,Indrek,Tammik,indrek.tammik@mail.ee,Narva,2024-06-08,265,2,1502.9499999999998,2,3,5,10,Loyal
4873.0,Pille,Rosin,,Narva,2024-12-05,85,4,1106.45,4,4,4,12,Loyal
4876.0,Heino,Talvik,heino.talvik@gmail.com,Tartu,2024-11-01,119,2,427.71000000000004,3,3,2,8,Potential
4877.0,Erkki,Raid,erkki.raid@yahoo.com,Kuressaare,2025-02-12,16,1,282.1,5,1,1,7,Potential
4878.0,Kati,Kask,kati.kask@gmail.com,Rakvere,2024-11-17,103,1,29.48,4,1,1,6,At Risk
4879.0,Indrek,Rand,indrek.rand@hot.ee,Tartu,2024-12-17,73,1,121.98,4,1,1,6,At Risk
4880.0,Sander,Oja,sander.oja@hot.ee,Jõhvi,2024-10-01,150,2,389.56,3,3,2,8,Potential
4881.0,Peeter,Sild,,Tallinn,2025-02-13,15,5,1794.1,5,5,5,15,VIP Champions
4882.0,Siim,Kull,siim.kull@gmail.com,Paide,2024-12-14,76,2,304.59000000000003,4,3,1,8,Potential
4883.0,Ene,Kuusk,,Tartu,2024-08-17,195,4,1160.1999999999998,3,4,4,11,Loyal
4886.0,Indrek,Veski,indrek.veski@mail.ee,Pärnu,2024-12-05,85,6,2688.3,4,5,5,14,VIP Champions
4887.0,Sirje,Arro,sirje.arro@gmail.com,Tartu,2024-07-24,219,4,710.54,2,4,3,9,Potential
4889.0,Kristi,Pihl,kristi.pihl@hot.ee,Tartu,2025-12-28,-303,2,379.75,5,3,2,10,Loyal
4890.0,Sander,Lass,sander.lass@mail.ee,Tartu,2023-04-25,675,2,349.34,1,3,2,6,At Risk
4891.0,Ragnar,Tammik,ragnar.tammik@hot.ee,Tallinn,2024-08-02,210,1,307.83,2,1,1,4,At Risk
4892.0,Tiina,Pihl,,Paide,2023-09-14,533,2,498.87,1,3,2,6,At Risk
4893.0,Nele,Talvik,,Tartu,2023-05-08,662,3,743.75,1,4,3,8,Potential
4894.0,Kadri,Ilves,kadri.ilves@outlook.com,Tallinn,2024-06-14,259,4,662.6,2,4,3,9,Potential
4895.0,Jaak,Sild,jaak.sild@gmail.com,Tallinn,2024-11-01,119,2,561.69,3,3,2,8,Potential
4896.0,Meelis,Toom,meelis.toom@yahoo.com,Tallinn,2025-01-31,28,5,1431.06,5,5,5,15,VIP Champions
4898.0,Erkki,Hurt,erkki.hurt@yahoo.com,Pärnu,2023-08-22,556,1,53.58,1,1,1,3,Lost
4899.0,Kati,Lass,kati.lass@outlook.com,Tartu,2023-06-18,621,2,996.4,1,3,4,8,Potential
4900.0,Sandra,Puusepp,,Kuressaare,2024-07-21,222,2,880.94,2,3,3,8,Potential
4901.0,Kristi,Lõoke,kristi.looke@outlook.com,Võru,2024-12-17,73,2,926.2,4,3,3,10,Loyal
4903.0,Jüri,Kallas,juri.kallas@mail.ee,Tartu,2024-11-11,109,5,1659.27,4,5,5,14,VIP Champions
4905.0,Lea,Roots,lea.roots@hot.ee,Tartu,2024-10-11,140,4,1702.97,3,4,5,12,Loyal
4906.0,Raivo,Roots,raivo.roots@mail.ee,Tallinn,2024-10-02,149,3,977.5300000000001,3,4,4,11,Loyal
4907.0,Kaido,Laas,kaido.laas@yahoo.com,Tartu,2024-08-27,185,5,1163.17,3,5,4,12,Loyal
4908.0,Elis,Kaalep,elis.kaalep@hot.ee,Tallinn,2024-10-25,126,3,730.82,3,4,3,10,Loyal
4909.0,Mihkel,Talvik,mihkel.talvik2@hot.ee,Tartu,2024-08-09,203,4,833.6,2,4,3,9,Potential
4910.0,Heino,Hurt,heino.hurt@telia.ee,Tartu,2023-09-13,534,1,84.95,1,1,1,3,Lost
4911.0,Peeter,Kukk,peeter.kukk@gmail.com,Tartu,2023-09-16,531,1,348.6,1,1,2,4,At Risk
4912.0,Taavi,Pihl,taavi.pihl@gmail.com,Tallinn,2024-11-24,96,2,347.96,4,3,2,9,Potential
4913.0,Sandra,Kukk,sandra.kukk@yahoo.com,Jõhvi,2024-01-13,412,1,166.27,1,1,1,3,Lost
4914.0,Aivar,Talvik,aivar.talvik@hot.ee,Haapsalu,2024-01-18,407,4,1030.0800000000002,1,4,4,9,Potential
4915.0,Kadri,Tamm,kadri.tamm@gmail.com,Pärnu,2024-07-26,217,3,1140.94,2,4,4,10,Loyal
4917.0,Merle,Nurk,merle.nurk@yahoo.com,Tartu,2024-08-31,181,2,273.09,3,3,1,7,Potential
4918.0,Külli,Laas,kulli.laas@gmail.com,Pärnu,2025-02-07,21,4,1425.54,5,4,5,14,VIP Champions
4919.0,Nele,Kukk,nele.kukk@hot.ee,Tartu,2023-11-19,467,2,288.27,1,3,1,5,At Risk
4920.0,Aili,Kangur,,Tallinn,2024-07-24,219,2,436.15000000000003,2,3,2,7,Potential
4923.0,Eha,Puusepp,eha.puusepp@gmail.com,Narva,2025-01-08,51,2,1091.64,5,3,4,12,Loyal
4924.0,Liina,Veski,liina.veski@mail.ee,Paide,2024-12-15,75,2,563.8000000000001,4,3,2,9,Potential
4927.0,Grete,Org,,Tallinn,2023-10-19,498,3,449.93,1,4,2,7,Potential
4928.0,Tõnu,Männik,tonu.mannik@yahoo.com,Valga,2024-12-22,68,4,1600.21,4,4,5,13,VIP Champions
4929.0,Raivo,Kask,raivo.kask@mail.ee,Rakvere,2025-02-23,5,5,1124.67,5,5,4,14,VIP Champions
4930.0,Raivo,Rebane,raivo.rebane@telia.ee,Tartu,2023-09-27,520,2,178.75,1,3,1,5,At Risk
4931.0,Marit,Kuusk,marit.kuusk@telia.ee,Tallinn,2025-01-11,48,5,1188.26,5,5,4,14,VIP Champions
4932.0,Triin,Mitt,triin.mitt3@outlook.com,Narva,2024-05-21,283,4,743.11,2,4,3,9,Potential
4933.0,Piret,Hurt,piret.hurt2@mail.ee,Tallinn,2023-09-17,530,1,130.73,1,1,1,3,Lost
4934.0,Marika,Rebane,marika.rebane@mail.ee,Tallinn,2025-02-22,6,6,1844.1,5,5,5,15,VIP Champions
4935.0,Priit,Paas,priit.paas@yahoo.com,Tartu,2025-01-02,57,3,505.89,5,4,2,11,Loyal
4936.0,Ants,Põld,ants.pold@telia.ee,Pärnu,2025-02-07,21,3,518.44,5,4,2,11,Loyal
4937.0,Heino,Tammik,heino.tammik2@mail.ee,Tallinn,2023-09-12,535,3,581.88,1,4,2,7,Potential
4938.0,Enn,Liiv,enn.liiv@telia.ee,Tallinn,2024-12-11,79,4,1063.1200000000001,4,4,4,12,Loyal
4939.0,Madis,Tammik,madis.tammik@yahoo.com,Tallinn,2024-10-17,134,1,605.72,3,1,2,6,At Risk
4940.0,Liina,Liiv,liina.liiv@hot.ee,Tallinn,2024-02-04,390,3,556.6700000000001,1,4,2,7,Potential
4942.0,Kati,Valk,,Tartu,2024-07-28,215,1,205.0,2,1,1,4,At Risk
4943.0,Arvo,Valk,arvo.valk@yahoo.com,Tallinn,2024-05-11,293,1,152.85,2,1,1,4,At Risk
4944.0,Nele,Oja,,Pärnu,2025-01-06,53,1,443.76,5,1,2,8,Potential
4947.0,Anna,Nõmm,,Tallinn,2024-06-17,256,3,1107.31,2,4,4,10,Loyal
4948.0,Enn,Kull,enn.kull2@yahoo.com,Tallinn,2023-04-16,684,2,344.72,1,3,1,5,At Risk
4949.0,Marika,Sepp,marika.sepp@gmail.com,Tallinn,2025-02-25,3,65,19580.28,5,5,5,15,VIP Champions
4950.0,Raivo,Kuusk,,Tallinn,2025-02-03,25,4,552.89,5,4,2,11,Loyal
4951.0,Enn,Hurt,enn.hurt@outlook.com,Tallinn,2025-02-13,15,5,1037.91,5,5,4,14,VIP Champions
4952.0,Eha,Paas,eha.paas@outlook.com,Valga,2024-09-15,166,5,1742.4,3,5,5,13,VIP Champions
4953.0,Mihkel,Koppel,mihkel.koppel@hot.ee,Tallinn,2024-11-25,95,3,862.86,4,4,3,11,Loyal
4954.0,Sander,Saar,sander.saar@yahoo.com,Tallinn,2024-03-15,350,1,63.95,1,1,1,3,Lost
4955.0,Kevin,Kivi,,Rakvere,2024-05-15,289,3,977.5699999999999,2,4,4,10,Loyal
4956.0,Andres,Valk,andres.valk@telia.ee,Tallinn,2024-05-31,273,2,376.41,2,3,2,7,Potential
4957.0,Kristjan,Valk,kristjan.valk@yahoo.com,Tallinn,2024-09-30,151,1,48.58,3,1,1,5,At Risk
4958.0,Marit,Sild,marit.sild@telia.ee,Tartu,2024-08-22,190,3,999.7099999999999,3,4,4,11,Loyal
4959.0,Kaido,Aas,kaido.aas@hot.ee,Kuressaare,2024-09-30,151,2,482.93,3,3,2,8,Potential
4960.0,Arvo,Orav,arvo.orav@hot.ee,Pärnu,2024-02-13,381,2,976.54,1,3,4,8,Potential
4961.0,Ago,Luik,ago.luik@mail.ee,Narva,2024-08-26,186,2,410.1,3,3,2,8,Potential
4962.0,Piret,Luik,piret.luik@hot.ee,Tartu,2024-11-04,116,5,1526.2799999999997,4,5,5,14,VIP Champions
4963.0,Anu,Kuusk,anu.kuusk@yahoo.com,Tallinn,2025-02-23,5,5,1365.1,5,5,4,14,VIP Champions
4964.0,Külli,Talvik,kulli.talvik@yahoo.com,Paide,2024-05-01,303,6,652.41,2,5,3,10,Loyal
4965.0,Ants,Kask,,Tallinn,2023-07-21,588,3,459.6,1,4,2,7,Potential
4966.0,Nele,Kivi,,Pärnu,2025-02-11,17,4,748.6600000000001,5,4,3,12,Loyal
4967.0,Riina,Laas,riina.laas@gmail.com,Tartu,2024-07-04,239,3,1095.17,2,4,4,10,Loyal
4968.0,Tõnu,Mitt,tonu.mitt@outlook.com,Tallinn,2024-11-17,103,2,380.61,4,3,2,9,Potential
4969.0,Jaak,Kuusik,jaak.kuusik@yahoo.com,Tallinn,2024-05-29,275,3,681.97,2,4,3,9,Potential
4970.0,Ene,Kõiv,ene.koiv@outlook.com,Tallinn,2025-02-03,25,3,896.1500000000001,5,4,3,12,Loyal
4971.0,Ants,Nurk,ants.nurk@yahoo.com,Rakvere,2024-07-20,223,2,898.3499999999999,2,3,3,8,Potential
4973.0,Andres,Nõmm,andres.nomm@hot.ee,Jõhvi,2024-12-03,87,4,1253.86,4,4,4,12,Loyal
4974.0,Mihkel,Toom,,Võru,2025-01-26,33,2,369.03000000000003,5,3,2,10,Loyal
4975.0,Tarmo,Puusepp,tarmo.puusepp@outlook.com,Pärnu,2025-02-23,5,2,459.89,5,3,2,10,Loyal
4976.0,Anu,Järv,anu.jarv@outlook.com,Tartu,2024-09-17,164,5,965.96,3,5,4,12,Loyal
4978.0,Rasmus,Aas,rasmus.aas@gmail.com,Tartu,2024-09-16,165,1,418.1,3,1,2,6,At Risk
4980.0,Margus,Mets,margus.mets@mail.ee,Rakvere,2024-12-01,89,1,585.22,4,1,2,7,Potential
4981.0,Toomas,Mitt,toomas.mitt@gmail.com,Tallinn,2024-12-25,65,3,882.62,4,4,3,11,Loyal
4982.0,Nele,Lepp,nele.lepp@outlook.com,Tallinn,2023-10-24,493,4,757.8399999999999,1,4,3,8,Potential
4983.0,Henri,Saar,henri.saar@mail.ee,Tartu,2024-08-23,189,3,1082.65,3,4,4,11,Loyal
4984.0,Jaak,Rosin,jaak.rosin@hot.ee,Rakvere,2024-08-05,207,5,983.13,2,5,4,11,Loyal
4985.0,Anu,Kallas,anu.kallas@outlook.com,Tallinn,2023-06-15,624,3,496.2,1,4,2,7,Potential
4986.0,Lea,Mets,lea.mets2@telia.ee,Kuressaare,2024-12-27,63,2,1350.01,4,3,4,11,Loyal
4987.0,Merle,Must,merle.must@telia.ee,Tallinn,2023-06-23,616,2,757.19,1,3,3,7,Potential
4988.0,Kristi,Talvik,kristi.talvik@hot.ee,Tallinn,2024-05-23,281,2,163.33999999999997,2,3,1,6,At Risk
4989.0,Rain,Kaalep,rain.kaalep@hot.ee,Tallinn,2024-05-07,297,2,561.77,2,3,2,7,Potential
4990.0,Sigrid,Veski,sigrid.veski@mail.ee,Tallinn,2024-06-24,249,2,540.66,2,3,2,7,Potential
4991.0,Külli,Raid,,Tartu,2024-12-07,83,2,311.3,4,3,1,8,Potential
4992.0,Priit,Org,,Tallinn,2025-02-10,18,1,773.55,5,1,3,9,Potential
4993.0,Sandra,Liiv,sandra.liiv@hot.ee,Tartu,2024-03-15,350,2,291.91,1,3,1,5,At Risk
4995.0,Riina,Luik,riina.luik@telia.ee,Võru,2025-02-25,3,4,1527.95,5,4,5,14,VIP Champions
4996.0,Tiit,Kaalep,,Tartu,2024-10-22,129,1,693.4,3,1,3,7,Potential
4997.0,Anu,Lõhmus,anu.lohmus@telia.ee,Kuressaare,2024-07-26,217,5,1579.5900000000001,2,5,5,12,Loyal
4998.0,Laura,Kull,laura.kull2@yahoo.com,Tallinn,2025-02-19,9,2,464.01,5,3,2,10,Loyal
4999.0,Sandra,Mägi,sandra.magi@telia.ee,Tallinn,2023-09-22,525,2,593.99,1,3,2,6,At Risk
5000.0,Annika,Toom,annika.toom@telia.ee,Tartu,2024-12-30,60,1,41.63,4,1,1,6,At Risk
